League,Round,Day,Date,Time,Home,Score,Away,Attendance,Venue,Home Goals,Away Goals,Season
regular season,1,Fri,2024-07-19,18:00,AGF,1–1,Midtjylland,12456.0,Ceres Park,1,1,2024/25
regular season,1,Fri,2024-07-19,20:00,Nordsjælland,3–0,Aalborg,3934.0,Right to Dream Park,3,0,2024/25
regular season,1,Sun,2024-07-21,14:00,Silkeborg,1–0,SønderjyskE,4394.0,JYSK Park,1,0,2024/25
regular season,1,Sun,2024-07-21,16:00,Vejle BK,2–3,Randers,7040.0,Vejle Stadion,2,3,2024/25
regular season,1,Sun,2024-07-21,18:00,Viborg,3–3,Brøndby,7658.0,Energi Viborg Arena,3,3,2024/25
regular season,1,Mon,2024-07-22,19:00,Lyngby,0–2,FC Copenhagen,9614.0,Lyngby Stadion,0,2,2024/25
regular season,2,Fri,2024-07-26,19:00,SønderjyskE,1–1,Lyngby,5045.0,Sydbank Park,1,1,2024/25
regular season,2,Sat,2024-07-27,16:00,Nordsjælland,2–2,Midtjylland,4566.0,Right to Dream Park,2,2,2024/25
regular season,2,Sun,2024-07-28,18:00,FC Copenhagen,3–2,AGF,28283.0,Parken,3,2,2024/25
regular season,2,Sun,2024-07-28,16:00,Aalborg,2–1,Silkeborg,9439.0,Aalborg Portland Park,2,1,2024/25
regular season,2,Sun,2024-07-28,14:00,Randers,3–1,Viborg,5695.0,Cepheus Park Randers,3,1,2024/25
regular season,2,Mon,2024-07-29,19:00,Brøndby,2–1,Vejle BK,22494.0,Brøndby Stadion,2,1,2024/25
regular season,3,Fri,2024-08-02,19:00,AGF,4–0,SønderjyskE,11218.0,Ceres Park,4,0,2024/25
regular season,3,Sat,2024-08-03,16:00,Midtjylland,2–0,Aalborg,8703.0,MCH Arena,2,0,2024/25
regular season,3,Sun,2024-08-04,14:00,Silkeborg,3–2,Viborg,4712.0,JYSK Park,3,2,2024/25
regular season,3,Sun,2024-08-04,16:00,FC Copenhagen,1–1,Randers,25819.0,Parken,1,1,2024/25
regular season,3,Sun,2024-08-04,18:00,Lyngby,0–2,Brøndby,7839.0,Lyngby Stadion,0,2,2024/25
regular season,3,Mon,2024-08-05,19:00,Vejle BK,0–1,Nordsjælland,6898.0,Vejle Stadion,0,1,2024/25
regular season,4,Fri,2024-08-09,19:00,Midtjylland,2–0,Vejle BK,8510.0,MCH Arena,2,0,2024/25
regular season,4,Sun,2024-08-11,18:00,SønderjyskE,0–2,FC Copenhagen,7912.0,Sydbank Park,0,2,2024/25
regular season,4,Sun,2024-08-11,16:00,Brøndby,0–1,AGF,20976.0,Brøndby Stadion,0,1,2024/25
regular season,4,Sun,2024-08-11,14:00,Randers,0–2,Silkeborg,4558.0,Cepheus Park Randers,0,2,2024/25
regular season,4,Sun,2024-08-11,14:00,Nordsjælland,1–1,Lyngby,4334.0,Right to Dream Park,1,1,2024/25
regular season,4,Mon,2024-08-12,19:00,Viborg,2–3,Aalborg,6852.0,Energi Viborg Arena,2,3,2024/25
regular season,5,Fri,2024-08-16,19:00,Lyngby,1–2,Midtjylland,4149.0,Lyngby Stadion,1,2,2024/25
regular season,5,Sun,2024-08-18,14:00,Randers,1–2,SønderjyskE,4261.0,Cepheus Park Randers,1,2,2024/25
regular season,5,Sun,2024-08-18,14:00,Silkeborg,4–1,Nordsjælland,4473.0,JYSK Park,4,1,2024/25
regular season,5,Sun,2024-08-18,16:00,FC Copenhagen,1–1,Viborg,26035.0,Parken,1,1,2024/25
regular season,5,Sun,2024-08-18,18:00,Aalborg,0–4,Brøndby,11723.0,Aalborg Portland Park,0,4,2024/25
regular season,5,Mon,2024-08-19,19:00,AGF,5–1,Vejle BK,11564.0,Ceres Park,5,1,2024/25
regular season,6,Fri,2024-08-23,19:00,Aalborg,0–4,AGF,9499.0,Aalborg Portland Park,0,4,2024/25
regular season,6,Sat,2024-08-24,16:00,Midtjylland,3–2,SønderjyskE,7300.0,MCH Arena,3,2,2024/25
regular season,6,Sun,2024-08-25,14:00,Vejle BK,1–3,Silkeborg,7363.0,Vejle Stadion,1,3,2024/25
regular season,6,Sun,2024-08-25,16:00,Nordsjælland,3–2,FC Copenhagen,8612.0,Right to Dream Park,3,2,2024/25
regular season,6,Sun,2024-08-25,18:00,Brøndby,2–2,Randers,21797.0,Brøndby Stadion,2,2,2024/25
regular season,6,Mon,2024-08-26,19:00,Viborg,1–0,Lyngby,5816.0,Energi Viborg Arena,1,0,2024/25
regular season,7,Fri,2024-08-30,19:00,Lyngby,1–0,Vejle BK,4623.0,Lyngby Stadion,1,0,2024/25
regular season,7,Sat,2024-08-31,16:00,AGF,4–2,Nordsjælland,14280.0,Ceres Park,4,2,2024/25
regular season,7,Sun,2024-09-01,16:00,Silkeborg,1–3,Midtjylland,7924.0,JYSK Park,1,3,2024/25
regular season,7,Sun,2024-09-01,18:00,Randers,1–0,Aalborg,5669.0,Cepheus Park Randers,1,0,2024/25
regular season,7,Sun,2024-09-01,14:00,FC Copenhagen,3–1,Brøndby,34236.0,Parken,3,1,2024/25
regular season,7,Sun,2024-09-01,14:00,SønderjyskE,2–2,Viborg,4879.0,Sydbank Park,2,2,2024/25
regular season,8,Fri,2024-09-13,19:00,Aalborg,2–1,Lyngby,7811.0,Aalborg Portland Park,2,1,2024/25
regular season,8,Sat,2024-09-14,18:00,Midtjylland,2–1,FC Copenhagen,11599.0,MCH Arena,2,1,2024/25
regular season,8,Sun,2024-09-15,14:00,AGF,1–1,Silkeborg,15627.0,Ceres Park,1,1,2024/25
regular season,8,Sun,2024-09-15,16:00,Vejle BK,0–5,Viborg,15627.0,Vejle Stadion,0,5,2024/25
regular season,8,Sun,2024-09-15,18:00,Brøndby,2–0,SønderjyskE,5496.0,Brøndby Stadion,2,0,2024/25
regular season,8,Mon,2024-09-16,19:00,Nordsjælland,1–1,Randers,3158.0,Right to Dream Park,1,1,2024/25
regular season,9,Fri,2024-09-20,19:00,Viborg,3–2,Nordsjælland,6290.0,Energi Viborg Arena,3,2,2024/25
regular season,9,Sun,2024-09-22,14:00,SønderjyskE,2–1,Vejle BK,5501.0,Sydbank Park,2,1,2024/25
regular season,9,Sun,2024-09-22,14:00,Randers,2–2,Midtjylland,5808.0,Cepheus Park Randers,2,2,2024/25
regular season,9,Sun,2024-09-22,16:00,Lyngby,0–0,AGF,7115.0,Lyngby Stadion,0,0,2024/25
regular season,9,Sun,2024-09-22,18:00,Silkeborg,3–3,Brøndby,7239.0,JYSK Park,3,3,2024/25
regular season,9,Mon,2024-09-23,19:00,FC Copenhagen,2–0,Aalborg,24699.0,Parken,2,0,2024/25
regular season,10,Sat,2024-09-28,16:00,AGF,2–2,Randers,13280.0,Ceres Park,2,2,2024/25
regular season,10,Sun,2024-09-29,14:00,Midtjylland,3–1,Viborg,11355.0,MCH Arena,3,1,2024/25
regular season,10,Sun,2024-09-29,14:00,Aalborg,3–0,SønderjyskE,6802.0,Aalborg Portland Park,3,0,2024/25
regular season,10,Sun,2024-09-29,16:00,Lyngby,2–2,Silkeborg,4347.0,Lyngby Stadion,2,2,2024/25
regular season,10,Sun,2024-09-29,18:00,Vejle BK,1–2,FC Copenhagen,9063.0,Vejle Stadion,1,2,2024/25
regular season,10,Mon,2024-09-30,19:00,Nordsjælland,4–1,Brøndby,9063.0,Right to Dream Park,4,1,2024/25
regular season,11,Fri,2024-10-04,19:00,Vejle BK,2–2,Aalborg,6481.0,Vejle Stadion,2,2,2024/25
regular season,11,Sun,2024-10-06,18:00,Brøndby,2–0,Midtjylland,23274.0,Brøndby Stadion,2,0,2024/25
regular season,11,Sun,2024-10-06,16:00,Viborg,1–1,AGF,8351.0,Energi Viborg Arena,1,1,2024/25
regular season,11,Sun,2024-10-06,20:00,Silkeborg,2–2,FC Copenhagen,5468.0,JYSK Park,2,2,2024/25
regular season,11,Sun,2024-10-06,14:00,Randers,1–1,Lyngby,6251.0,Cepheus Park Randers,1,1,2024/25
regular season,11,Sun,2024-10-06,14:00,SønderjyskE,1–4,Nordsjælland,5548.0,Sydbank Park,1,4,2024/25
regular season,12,Fri,2024-10-18,19:00,FC Copenhagen,3–1,Vejle BK,27799.0,Parken,3,1,2024/25
regular season,12,Sun,2024-10-20,14:00,Aalborg,0–2,Randers,7965.0,Aalborg Portland Park,0,2,2024/25
regular season,12,Sun,2024-10-20,14:00,Lyngby,0–0,Viborg,4425.0,Lyngby Stadion,0,0,2024/25
regular season,12,Sun,2024-10-20,16:00,Nordsjælland,1–1,Silkeborg,4752.0,Right to Dream Park,1,1,2024/25
regular season,12,Sun,2024-10-20,18:00,SønderjyskE,3–2,Midtjylland,5211.0,Sydbank Park,3,2,2024/25
regular season,12,Mon,2024-10-21,19:00,AGF,1–0,Brøndby,15736.0,Ceres Park,1,0,2024/25
regular season,13,Fri,2024-10-25,19:00,Silkeborg,1–1,Aalborg,5123.0,JYSK Park,1,1,2024/25
regular season,13,Sun,2024-10-27,18:00,Midtjylland,2–0,AGF,11161.0,MCH Arena,2,0,2024/25
regular season,13,Sun,2024-10-27,16:00,Viborg,4–2,SønderjyskE,6227.0,Energi Viborg Arena,4,2,2024/25
regular season,13,Sun,2024-10-27,12:15,Brøndby,0–0,FC Copenhagen,26075.0,Brøndby Stadion,0,0,2024/25
regular season,13,Sun,2024-10-27,14:00,Vejle BK,2–0,Lyngby,1000.0,Vejle Stadion,2,0,2024/25
regular season,13,Mon,2024-10-28,19:00,Randers,4–0,Nordsjælland,4364.0,Cepheus Park Randers,4,0,2024/25
regular season,14,Sat,2024-11-02,17:00,SønderjyskE,1–4,Randers,3375.0,Sydbank Park,1,4,2024/25
regular season,14,Sun,2024-11-03,14:00,Midtjylland,1–5,Brøndby,11358.0,MCH Arena,1,5,2024/25
regular season,14,Sun,2024-11-03,14:00,Nordsjælland,2–1,Viborg,3413.0,Right to Dream Park,2,1,2024/25
regular season,14,Sun,2024-11-03,16:00,AGF,2–1,Lyngby,10838.0,Ceres Park,2,1,2024/25
regular season,14,Sun,2024-11-03,18:00,Aalborg,3–3,Vejle BK,6831.0,Aalborg Portland Park,3,3,2024/25
regular season,14,Mon,2024-11-04,19:00,FC Copenhagen,2–2,Silkeborg,20785.0,Parken,2,2,2024/25
regular season,15,Fri,2024-11-08,19:00,Vejle BK,1–1,SønderjyskE,6206.0,Vejle Stadion,1,1,2024/25
regular season,15,Sun,2024-11-10,20:00,Brøndby,1–1,Nordsjælland,11575.0,Brøndby Stadion,1,1,2024/25
regular season,15,Sun,2024-11-10,18:00,AGF,1–1,FC Copenhagen,15894.0,Ceres Park,1,1,2024/25
regular season,15,Sun,2024-11-10,14:00,Lyngby,2–2,Aalborg,4848.0,Lyngby Stadion,2,2,2024/25
regular season,15,Sun,2024-11-10,14:00,Silkeborg,1–0,Randers,5127.0,JYSK Park,1,0,2024/25
regular season,15,Sun,2024-11-10,16:00,Viborg,1–0,Midtjylland,8513.0,Energi Viborg Arena,1,0,2024/25
regular season,16,Fri,2024-11-22,19:00,Nordsjælland,1–0,AGF,4016.0,Right to Dream Park,1,0,2024/25
regular season,16,Sun,2024-11-24,14:00,Randers,2–0,Vejle BK,4757.0,Cepheus Park Randers,2,0,2024/25
regular season,16,Sun,2024-11-24,14:00,Aalborg,0–0,Viborg,7659.0,Aalborg Portland Park,0,0,2024/25
regular season,16,Sun,2024-11-24,16:00,SønderjyskE,2–2,Brøndby,8525.0,Sydbank Park,2,2,2024/25
regular season,16,Sun,2024-11-24,18:00,FC Copenhagen,2–1,Lyngby,22783.0,Parken,2,1,2024/25
regular season,16,Mon,2024-11-25,19:00,Midtjylland,1–0,Silkeborg,8703.0,MCH Arena,1,0,2024/25
regular season,17,Fri,2024-11-29,19:00,Brøndby,1–0,Aalborg,12061.0,Brøndby Stadion,1,0,2024/25
regular season,17,Sun,2024-12-01,18:00,Silkeborg,1–1,AGF,6859.0,JYSK Park,1,1,2024/25
regular season,17,Sun,2024-12-01,16:00,Vejle BK,0–3,Midtjylland,6455.0,Vejle Stadion,0,3,2024/25
regular season,17,Sun,2024-12-01,14:00,Lyngby,0–2,SønderjyskE,3378.0,Lyngby Stadion,0,2,2024/25
regular season,17,Sun,2024-12-01,14:00,Viborg,1–2,Randers,5681.0,Energi Viborg Arena,1,2,2024/25
regular season,17,Mon,2024-12-02,19:00,FC Copenhagen,3–1,Nordsjælland,22996.0,Parken,3,1,2024/25
regular season,18,Fri,2025-02-14,19:00,Brøndby,4–1,Viborg,,Brøndby Stadion,4,1,2024/25
regular season,18,Sun,2025-02-16,16:00,SønderjyskE,1–4,AGF,,Sydbank Park,1,4,2024/25
regular season,18,Sun,2025-02-16,14:00,Silkeborg,0–1,Vejle BK,4656.0,JYSK Park,0,1,2024/25
regular season,18,Sun,2025-02-16,18:00,Midtjylland,1–0,Lyngby,,MCH Arena,1,0,2024/25
regular season,18,Mon,2025-02-17,19:00,Randers,1–2,FC Copenhagen,5765.0,Cepheus Park Randers,1,2,2024/25
regular season,19,Fri,2025-02-21,19:00,Lyngby,0–0,Randers,,Lyngby Stadion,0,0,2024/25
regular season,19,Sun,2025-02-23,18:00,FC Copenhagen,1–0,Midtjylland,31708.0,Parken,1,0,2024/25
regular season,19,Sun,2025-02-23,16:00,Vejle BK,2–2,Brøndby,11060.0,Vejle Stadion,2,2,2024/25
regular season,19,Sun,2025-02-23,14:00,Nordsjælland,3–2,SønderjyskE,,Right to Dream Park,3,2,2024/25
regular season,19,Sun,2025-02-23,14:00,AGF,4–0,Aalborg,,Vejlby Stadion,4,0,2024/25
regular season,19,Mon,2025-02-24,19:00,Viborg,1–4,Silkeborg,5208.0,Energi Viborg Arena,1,4,2024/25
regular season,18,Wed,2025-02-26,19:30,Aalborg,1–2,Nordsjælland,7498.0,Aalborg Portland Park,1,2,2024/25
regular season,20,Fri,2025-02-28,19:00,Randers,1–1,AGF,9695.0,Cepheus Park Randers,1,1,2024/25
regular season,20,Sun,2025-03-02,14:00,SønderjyskE,1–3,Silkeborg,,Sydbank Park,1,3,2024/25
regular season,20,Sun,2025-03-02,14:00,Viborg,3–1,Vejle BK,,Energi Viborg Arena,3,1,2024/25
regular season,20,Sun,2025-03-02,16:00,Midtjylland,2–1,Nordsjælland,,MCH Arena,2,1,2024/25
regular season,20,Sun,2025-03-02,18:00,Aalborg,0–0,FC Copenhagen,9146.0,Aalborg Portland Park,0,0,2024/25
regular season,20,Mon,2025-03-03,19:00,Brøndby,1–1,Lyngby,,Brøndby Stadion,1,1,2024/25
regular season,21,Fri,2025-03-07,19:00,Nordsjælland,3–1,Vejle BK,,Right to Dream Park,3,1,2024/25
regular season,21,Sun,2025-03-09,18:00,FC Copenhagen,1–1,SønderjyskE,,Parken,1,1,2024/25
regular season,21,Sun,2025-03-09,14:00,Silkeborg,0–1,Lyngby,5310.0,JYSK Park,0,1,2024/25
regular season,21,Sun,2025-03-09,14:00,Aalborg,1–4,Midtjylland,8599.0,Aalborg Portland Park,1,4,2024/25
regular season,21,Sun,2025-03-09,16:00,AGF,1–1,Viborg,,Vejlby Stadion,1,1,2024/25
regular season,21,Mon,2025-03-10,19:00,Randers,4–2,Brøndby,8624.0,Cepheus Park Randers,4,2,2024/25
regular season,22,Sun,2025-03-16,17:00,SønderjyskE,0–3,Aalborg,,Sydbank Park,0,3,2024/25
regular season,22,Sun,2025-03-16,17:00,Brøndby,2–2,Silkeborg,24056.0,Brøndby Stadion,2,2,2024/25
regular season,22,Sun,2025-03-16,17:00,Midtjylland,4–2,Randers,,MCH Arena,4,2,2024/25
regular season,22,Sun,2025-03-16,17:00,Lyngby,1–0,Nordsjælland,6171.0,Lyngby Stadion,1,0,2024/25
regular season,22,Sun,2025-03-16,17:00,Vejle BK,3–2,AGF,9655.0,Vejle Stadion,3,2,2024/25
regular season,22,Sun,2025-03-16,17:00,Viborg,3–2,FC Copenhagen,9566.0,Energi Viborg Arena,3,2,2024/25
relegation round,23,Fri,2025-03-28,19:00,Aalborg,0–4,Viborg,7036.0,Aalborg Portland Park,0,4,2024/25
relegation round,23,Sun,2025-03-30,14:00,SønderjyskE,2–1,Silkeborg,,Sydbank Park,2,1,2024/25
relegation round,23,Sun,2025-03-30,14:00,Lyngby,1–2,Vejle BK,,Lyngby Stadion,1,2,2024/25
championship round,23,Sun,2025-03-30,16:00,AGF,2–0,Nordsjælland,6739.0,Vejlby Stadion,2,0,2024/25
championship round,23,Sun,2025-03-30,18:00,Midtjylland,0–2,Brøndby,11447.0,MCH Arena,0,2,2024/25
championship round,23,Mon,2025-03-31,19:00,FC Copenhagen,1–0,Randers,22979.0,Parken,1,0,2024/25
championship round,24,Fri,2025-04-04,19:00,Randers,2–1,Midtjylland,6470.0,Cepheus Park Randers,2,1,2024/25
championship round,24,Sun,2025-04-06,18:00,Nordsjælland,0–1,FC Copenhagen,,Right to Dream Park,0,1,2024/25
relegation round,24,Sun,2025-04-06,16:00,Vejle BK,1–1,Aalborg,,Vejle Stadion,1,1,2024/25
relegation round,24,Sun,2025-04-06,14:00,Viborg,2–1,SønderjyskE,6265.0,Energi Viborg Arena,2,1,2024/25
relegation round,24,Sun,2025-04-06,14:00,Silkeborg,2–1,Lyngby,3744.0,JYSK Park,2,1,2024/25
championship round,24,Mon,2025-04-07,19:00,Brøndby,2–1,AGF,21151.0,Brøndby Stadion,2,1,2024/25
relegation round,25,Fri,2025-04-11,19:00,Aalborg,2–2,Lyngby,6805.0,Aalborg Portland Park,2,2,2024/25
championship round,25,Sun,2025-04-13,16:00,AGF,1–1,Midtjylland,8023.0,Vejlby Stadion,1,1,2024/25
championship round,25,Sun,2025-04-13,14:00,FC Copenhagen,1–2,Brøndby,35370.0,Parken,1,2,2024/25
relegation round,25,Sun,2025-04-13,14:00,Viborg,2–1,Silkeborg,6002.0,Energi Viborg Arena,2,1,2024/25
championship round,25,Sun,2025-04-13,18:00,Nordsjælland,5–2,Randers,3681.0,Right to Dream Park,5,2,2024/25
relegation round,25,Mon,2025-04-14,19:00,SønderjyskE,1–0,Vejle BK,,Sydbank Park,1,0,2024/25
relegation round,26,Wed,2025-04-16,19:00,Silkeborg,4–0,Aalborg,4636.0,JYSK Park,4,0,2024/25
relegation round,26,Thu,2025-04-17,14:00,Lyngby,0–2,SønderjyskE,,Lyngby Stadion,0,2,2024/25
relegation round,26,Thu,2025-04-17,14:00,Vejle BK,3–3,Viborg,,Vejle Stadion,3,3,2024/25
championship round,26,Thu,2025-04-17,16:00,Randers,3–1,AGF,,Cepheus Park Randers,3,1,2024/25
championship round,26,Thu,2025-04-17,18:00,Midtjylland,4–2,FC Copenhagen,,MCH Arena,4,2,2024/25
championship round,26,Fri,2025-04-18,19:00,Brøndby,0–0,Nordsjælland,,Brøndby Stadion,0,0,2024/25
relegation round,27,Sun,2025-04-20,17:00,Aalborg,2–3,SønderjyskE,7059.0,Aalborg Portland Park,2,3,2024/25
championship round,27,Mon,2025-04-21,18:00,FC Copenhagen,3–1,AGF,28476.0,Parken,3,1,2024/25
championship round,27,Mon,2025-04-21,16:00,Brøndby,4–3,Randers,23198.0,Brøndby Stadion,4,3,2024/25
relegation round,27,Mon,2025-04-21,14:00,Viborg,1–1,Lyngby,,Energi Viborg Arena,1,1,2024/25
relegation round,27,Mon,2025-04-21,14:00,Vejle BK,0–4,Silkeborg,,Vejle Stadion,0,4,2024/25
championship round,27,Tue,2025-04-22,19:00,Nordsjælland,3–2,Midtjylland,,Right to Dream Park,3,2,2024/25
championship round,28,Fri,2025-04-25,19:00,Randers,0–0,Brøndby,,Cepheus Park Randers,0,0,2024/25
relegation round,28,Sun,2025-04-27,14:00,SønderjyskE,2–2,Viborg,,Sydbank Park,2,2,2024/25
relegation round,28,Sun,2025-04-27,14:00,Lyngby,2–0,Silkeborg,5243.0,Lyngby Stadion,2,0,2024/25
championship round,28,Sun,2025-04-27,16:00,AGF,1–3,FC Copenhagen,8142.0,Vejlby Stadion,1,3,2024/25
championship round,28,Sun,2025-04-27,18:00,Midtjylland,5–0,Nordsjælland,,MCH Arena,5,0,2024/25
relegation round,28,Mon,2025-04-28,19:00,Aalborg,0–1,Vejle BK,,Aalborg Portland Park,0,1,2024/25
championship round,29,Fri,2025-05-02,19:00,Randers,3–2,Nordsjælland,,Cepheus Park Randers,3,2,2024/25
relegation round,29,Sun,2025-05-04,14:00,Lyngby,0–0,Viborg,,Lyngby Stadion,0,0,2024/25
championship round,29,Sun,2025-05-04,16:00,Brøndby,0–3,FC Copenhagen,,Brøndby Stadion,0,3,2024/25
relegation round,29,Sun,2025-05-04,14:00,Silkeborg,1–1,Vejle BK,,JYSK Park,1,1,2024/25
championship round,29,Sun,2025-05-04,18:00,Midtjylland,3–1,AGF,,MCH Arena,3,1,2024/25
regular season,1,Fri,2023-07-21,19:00,Midtjylland,1–0,Hvidovre IF,7846.0,MCH Arena,1,0,2023/24
regular season,1,Sat,2023-07-22,16:00,Lyngby,1–2,FC Copenhagen,9546.0,Lyngby Stadion,1,2,2023/24
regular season,1,Sun,2023-07-23,14:00,AGF,1–0,Vejle BK,12215.0,Ceres Park,1,0,2023/24
regular season,1,Sun,2023-07-23,16:00,Odense,2–2,Randers,7755.0,Nature Energy Park,2,2,2023/24
regular season,1,Sun,2023-07-23,18:00,Silkeborg,1–2,Brøndby,6084.0,JYSK Park,1,2,2023/24
regular season,1,Mon,2023-07-24,19:00,Nordsjælland,4–1,Viborg,4143.0,Right to Dream Park,4,1,2023/24
regular season,2,Fri,2023-07-28,19:00,Viborg,2–2,Lyngby,4485.0,Energi Viborg Arena,2,2,2023/24
regular season,2,Sat,2023-07-29,16:00,Vejle BK,2–3,FC Copenhagen,9753.0,VB Parken Kunstgræs,2,3,2023/24
regular season,2,Sun,2023-07-30,14:00,Midtjylland,2–0,Silkeborg,8843.0,MCH Arena,2,0,2023/24
regular season,2,Sun,2023-07-30,16:00,Randers,2–2,Hvidovre IF,4384.0,Cepheus Park Randers,2,2,2023/24
regular season,2,Sun,2023-07-30,18:00,Brøndby,1–2,Odense,22734.0,Brøndby Stadion,1,2,2023/24
regular season,2,Mon,2023-07-31,19:00,AGF,1–3,Nordsjælland,9774.0,Ceres Park,1,3,2023/24
regular season,3,Fri,2023-08-04,19:00,Silkeborg,2–1,Vejle BK,5091.0,JYSK Park,2,1,2023/24
regular season,3,Sat,2023-08-05,16:00,FC Copenhagen,4–0,Randers,25407.0,Parken,4,0,2023/24
regular season,3,Sun,2023-08-06,14:00,Hvidovre IF,0–2,AGF,5771.0,Pro Ventilation Arena,0,2,2023/24
regular season,3,Sun,2023-08-06,16:00,Lyngby,4–1,Midtjylland,5206.0,Lyngby Stadion,4,1,2023/24
regular season,3,Sun,2023-08-06,18:00,Nordsjælland,3–1,Brøndby,6564.0,Right to Dream Park,3,1,2023/24
regular season,3,Mon,2023-08-07,19:00,Odense,1–2,Viborg,10105.0,Nature Energy Park,1,2,2023/24
regular season,4,Fri,2023-08-11,19:00,FC Copenhagen,2–1,Odense,25215.0,Parken,2,1,2023/24
regular season,4,Sun,2023-08-13,14:00,Vejle BK,1–2,Midtjylland,8485.0,VB Parken Kunstgræs,1,2,2023/24
regular season,4,Sun,2023-08-13,14:00,Randers,0–5,Nordsjælland,4935.0,Cepheus Park Randers,0,5,2023/24
regular season,4,Sun,2023-08-13,16:00,Brøndby,3–0,Lyngby,20108.0,Brøndby Stadion,3,0,2023/24
regular season,4,Sun,2023-08-13,18:00,AGF,2–2,Silkeborg,10773.0,Ceres Park,2,2,2023/24
regular season,4,Mon,2023-08-14,19:00,Viborg,0–0,Hvidovre IF,6141.0,Energi Viborg Arena,0,0,2023/24
regular season,5,Fri,2023-08-18,19:00,Hvidovre IF,0–2,FC Copenhagen,7979.0,Pro Ventilation Arena,0,2,2023/24
regular season,5,Sun,2023-08-20,14:00,Silkeborg,2–0,Nordsjælland,4446.0,JYSK Park,2,0,2023/24
regular season,5,Sun,2023-08-20,16:00,Lyngby,1–0,Randers,5122.0,Lyngby Stadion,1,0,2023/24
regular season,5,Sun,2023-08-20,18:00,Midtjylland,0–1,Brøndby,10552.0,MCH Arena,0,1,2023/24
regular season,5,Sun,2023-08-20,20:00,Odense,1–1,AGF,9577.0,Nature Energy Park,1,1,2023/24
regular season,5,Mon,2023-08-21,19:00,Viborg,2–1,Vejle BK,6010.0,Energi Viborg Arena,2,1,2023/24
regular season,6,Fri,2023-08-25,18:30,Randers,1–0,Viborg,5583.0,Cepheus Park Randers,1,0,2023/24
regular season,6,Sat,2023-08-26,16:00,FC Copenhagen,1–3,Silkeborg,23832.0,Parken,1,3,2023/24
regular season,6,Sun,2023-08-27,14:00,AGF,1–0,Lyngby,13367.0,Ceres Park,1,0,2023/24
regular season,6,Sun,2023-08-27,16:00,Hvidovre IF,1–5,Odense,4228.0,Pro Ventilation Arena,1,5,2023/24
regular season,6,Sun,2023-08-27,18:00,Nordsjælland,3–0,Midtjylland,4905.0,Right to Dream Park,3,0,2023/24
regular season,6,Mon,2023-08-28,19:00,Vejle BK,0–1,Brøndby,10408.0,VB Parken Kunstgræs,0,1,2023/24
regular season,7,Fri,2023-09-01,19:00,Odense,1–2,Vejle BK,11271.0,Nature Energy Park,1,2,2023/24
regular season,7,Sun,2023-09-03,14:00,Silkeborg,1–0,Hvidovre IF,4867.0,JYSK Park,1,0,2023/24
regular season,7,Sun,2023-09-03,14:00,Lyngby,1–1,Nordsjælland,7136.0,Lyngby Stadion,1,1,2023/24
regular season,7,Sun,2023-09-03,16:00,Brøndby,3–1,Randers,21081.0,Brøndby Stadion,3,1,2023/24
regular season,7,Sun,2023-09-03,18:00,FC Copenhagen,2–0,Viborg,23245.0,Parken,2,0,2023/24
regular season,7,Sun,2023-09-03,20:00,Midtjylland,1–1,AGF,8027.0,MCH Arena,1,1,2023/24
regular season,8,Fri,2023-09-15,19:00,Viborg,2–2,Midtjylland,8663.0,Energi Viborg Arena,2,2,2023/24
regular season,8,Sat,2023-09-16,16:00,Nordsjælland,2–2,FC Copenhagen,8836.0,Right to Dream Park,2,2,2023/24
regular season,8,Sun,2023-09-17,14:00,Vejle BK,1–2,Randers,7396.0,VB Parken Kunstgræs,1,2,2023/24
regular season,8,Sun,2023-09-17,16:00,Hvidovre IF,0–1,Lyngby,4022.0,Pro Ventilation Arena,0,1,2023/24
regular season,8,Sun,2023-09-17,18:00,AGF,0–3,Brøndby,18386.0,Ceres Park,0,3,2023/24
regular season,8,Mon,2023-09-18,19:00,Odense,0–3,Silkeborg,8481.0,Nature Energy Park,0,3,2023/24
regular season,9,Fri,2023-09-22,19:00,Lyngby,1–1,Vejle BK,6671.0,Lyngby Stadion,1,1,2023/24
regular season,9,Sun,2023-09-24,14:00,Brøndby,2–3,FC Copenhagen,25884.0,Brøndby Stadion,2,3,2023/24
regular season,9,Sun,2023-09-24,14:00,Silkeborg,2–0,Viborg,6125.0,JYSK Park,2,0,2023/24
regular season,9,Sun,2023-09-24,16:00,Randers,1–1,AGF,8066.0,Cepheus Park Randers,1,1,2023/24
regular season,9,Sun,2023-09-24,18:00,Midtjylland,2–1,Odense,8286.0,MCH Arena,2,1,2023/24
regular season,9,Mon,2023-09-25,19:00,Nordsjælland,0–0,Hvidovre IF,4145.0,Right to Dream Park,0,0,2023/24
regular season,10,Sat,2023-09-30,15:00,FC Copenhagen,0–2,Midtjylland,32032.0,Parken,0,2,2023/24
regular season,10,Sun,2023-10-01,14:00,Randers,1–0,Silkeborg,6012.0,Cepheus Park Randers,1,0,2023/24
regular season,10,Sun,2023-10-01,14:00,Vejle BK,0–0,Nordsjælland,7121.0,VB Parken Kunstgræs,0,0,2023/24
regular season,10,Sun,2023-10-01,16:00,Hvidovre IF,0–3,Brøndby,9324.0,Pro Ventilation Arena,0,3,2023/24
regular season,10,Sun,2023-10-01,18:00,Viborg,2–1,AGF,7244.0,Energi Viborg Arena,2,1,2023/24
regular season,10,Mon,2023-10-02,19:00,Odense,1–2,Lyngby,7630.0,Nature Energy Park,1,2,2023/24
regular season,11,Fri,2023-10-06,19:00,Silkeborg,5–0,Lyngby,4732.0,JYSK Park,5,0,2023/24
regular season,11,Sun,2023-10-08,14:00,Nordsjælland,0–1,Odense,4106.0,Right to Dream Park,0,1,2023/24
regular season,11,Sun,2023-10-08,14:00,Vejle BK,3–1,Hvidovre IF,7371.0,VB Parken Kunstgræs,3,1,2023/24
regular season,11,Sun,2023-10-08,16:00,Brøndby,1–0,Viborg,21851.0,Brøndby Stadion,1,0,2023/24
regular season,11,Sun,2023-10-08,18:00,Midtjylland,2–2,Randers,9224.0,MCH Arena,2,2,2023/24
regular season,11,Sun,2023-10-08,20:00,AGF,1–1,FC Copenhagen,15018.0,Ceres Park,1,1,2023/24
regular season,12,Fri,2023-10-20,19:00,Hvidovre IF,1–2,Silkeborg,1575.0,Pro Ventilation Arena,1,2,2023/24
regular season,12,Sat,2023-10-21,17:00,FC Copenhagen,2–1,Vejle BK,25288.0,Parken,2,1,2023/24
regular season,12,Sun,2023-10-22,14:00,Lyngby,0–2,AGF,7625.0,Lyngby Stadion,0,2,2023/24
regular season,12,Sun,2023-10-22,16:00,Viborg,0–2,Nordsjælland,5354.0,Energi Viborg Arena,0,2,2023/24
regular season,12,Sun,2023-10-22,18:00,Randers,2–2,Brøndby,7871.0,Cepheus Park Randers,2,2,2023/24
regular season,12,Mon,2023-10-23,19:00,Odense,1–2,Midtjylland,8404.0,Nature Energy Park,1,2,2023/24
regular season,13,Fri,2023-10-27,19:00,Midtjylland,2–1,Lyngby,8604.0,MCH Arena,2,1,2023/24
regular season,13,Sat,2023-10-28,17:00,FC Copenhagen,4–0,Hvidovre IF,22718.0,Parken,4,0,2023/24
regular season,13,Sun,2023-10-29,14:00,Vejle BK,1–1,Viborg,6516.0,VB Parken Kunstgræs,1,1,2023/24
regular season,13,Sun,2023-10-29,16:00,Silkeborg,0–0,Odense,5858.0,JYSK Park,0,0,2023/24
regular season,13,Sun,2023-10-29,18:00,Brøndby,2–1,Nordsjælland,20011.0,Brøndby Stadion,2,1,2023/24
regular season,13,Mon,2023-10-30,19:00,AGF,2–1,Randers,12783.0,Ceres Park,2,1,2023/24
regular season,14,Sat,2023-11-04,16:30,Lyngby,2–2,Odense,5821.0,Lyngby Stadion,2,2,2023/24
regular season,14,Sun,2023-11-05,14:00,Nordsjælland,1–0,Vejle BK,3984.0,Right to Dream Park,1,0,2023/24
regular season,14,Sun,2023-11-05,14:00,Viborg,2–1,Silkeborg,6084.0,Energi Viborg Arena,2,1,2023/24
regular season,14,Sun,2023-11-05,16:00,Randers,2–4,FC Copenhagen,5559.0,Cepheus Park Randers,2,4,2023/24
regular season,14,Sun,2023-11-05,18:00,Hvidovre IF,1–4,Midtjylland,2650.0,Pro Ventilation Arena,1,4,2023/24
regular season,14,Mon,2023-11-06,19:00,Brøndby,1–1,AGF,21063.0,Brøndby Stadion,1,1,2023/24
regular season,15,Fri,2023-11-10,19:00,Silkeborg,1–1,Randers,4112.0,JYSK Park,1,1,2023/24
regular season,15,Sun,2023-11-12,12:00,FC Copenhagen,0–0,Brøndby,33583.0,Parken,0,0,2023/24
regular season,15,Sun,2023-11-12,14:00,Vejle BK,1–0,Lyngby,6694.0,VB Parken Kunstgræs,1,0,2023/24
regular season,15,Sun,2023-11-12,16:00,Midtjylland,2–0,Nordsjælland,9320.0,MCH Arena,2,0,2023/24
regular season,15,Sun,2023-11-12,18:00,Odense,0–2,Hvidovre IF,8322.0,Nature Energy Park,0,2,2023/24
regular season,15,Sun,2023-11-12,20:00,AGF,2–0,Viborg,8856.0,Ceres Park,2,0,2023/24
regular season,16,Fri,2023-11-24,19:00,Hvidovre IF,1–1,Vejle BK,2117.0,Pro Ventilation Arena,1,1,2023/24
regular season,16,Sat,2023-11-25,19:00,Viborg,2–1,FC Copenhagen,6661.0,Energi Viborg Arena,2,1,2023/24
regular season,16,Sun,2023-11-26,14:00,Nordsjælland,0–0,AGF,4043.0,Right to Dream Park,0,0,2023/24
regular season,16,Sun,2023-11-26,16:00,Randers,0–1,Odense,3587.0,Cepheus Park Randers,0,1,2023/24
regular season,16,Sun,2023-11-26,18:00,Lyngby,3–3,Brøndby,9971.0,Lyngby Stadion,3,3,2023/24
regular season,16,Mon,2023-11-27,19:00,Silkeborg,1–4,Midtjylland,6019.0,JYSK Park,1,4,2023/24
regular season,17,Fri,2023-12-01,19:00,Randers,0–0,Vejle BK,2636.0,Cepheus Park Randers,0,0,2023/24
regular season,17,Sun,2023-12-03,14:00,Lyngby,2–0,Silkeborg,3351.0,Lyngby Stadion,2,0,2023/24
regular season,17,Sun,2023-12-03,14:00,Odense,1–1,Nordsjælland,4551.0,Nature Energy Park,1,1,2023/24
regular season,17,Sun,2023-12-03,16:00,Brøndby,4–0,Hvidovre IF,16785.0,Brøndby Stadion,4,0,2023/24
regular season,17,Sun,2023-12-03,18:00,FC Copenhagen,1–2,AGF,24675.0,Parken,1,2,2023/24
regular season,17,Mon,2023-12-04,19:00,Midtjylland,5–1,Viborg,10468.0,MCH Arena,5,1,2023/24
regular season,18,Fri,2024-02-16,19:00,Viborg,1–2,Odense,5774.0,Energi Viborg Arena,1,2,2023/24
regular season,18,Sun,2024-02-18,14:00,Hvidovre IF,1–3,Randers,1530.0,Pro Ventilation Arena,1,3,2023/24
regular season,18,Sun,2024-02-18,14:00,Nordsjælland,3–2,Lyngby,4398.0,Right to Dream Park,3,2,2023/24
regular season,18,Sun,2024-02-18,16:00,Silkeborg,0–3,FC Copenhagen,7350.0,JYSK Park,0,3,2023/24
regular season,18,Sun,2024-02-18,18:00,Brøndby,1–0,Midtjylland,21366.0,Brøndby Stadion,1,0,2023/24
regular season,18,Mon,2024-02-19,19:00,Vejle BK,0–0,AGF,7350.0,VB Parken Kunstgræs,0,0,2023/24
regular season,19,Fri,2024-02-23,19:00,Randers,1–0,Lyngby,4457.0,Cepheus Park Randers,1,0,2023/24
regular season,19,Sun,2024-02-25,14:00,Vejle BK,2–0,Silkeborg,7859.0,VB Parken Kunstgræs,2,0,2023/24
regular season,19,Sun,2024-02-25,14:00,Hvidovre IF,2–2,Viborg,1712.0,Pro Ventilation Arena,2,2,2023/24
regular season,19,Sun,2024-02-25,16:00,Odense,0–3,Brøndby,14232.0,Nature Energy Park,0,3,2023/24
regular season,19,Sun,2024-02-25,18:00,AGF,2–3,Midtjylland,11611.0,Ceres Park,2,3,2023/24
regular season,19,Mon,2024-02-26,19:00,FC Copenhagen,2–0,Nordsjælland,30365.0,Parken,2,0,2023/24
regular season,20,Fri,2024-03-01,19:00,Midtjylland,2–0,FC Copenhagen,11836.0,MCH Arena,2,0,2023/24
regular season,20,Sun,2024-03-03,14:00,Viborg,3–0,Randers,6557.0,Energi Viborg Arena,3,0,2023/24
regular season,20,Sun,2024-03-03,14:00,Lyngby,2–4,Hvidovre IF,3818.0,Lyngby Stadion,2,4,2023/24
regular season,20,Sun,2024-03-03,16:00,Brøndby,1–1,Vejle BK,23106.0,Brøndby Stadion,1,1,2023/24
regular season,20,Sun,2024-03-03,18:00,AGF,1–1,Odense,8606.0,Ceres Park,1,1,2023/24
regular season,20,Mon,2024-03-04,19:00,Nordsjælland,3–1,Silkeborg,3189.0,Right to Dream Park,3,1,2023/24
regular season,21,Fri,2024-03-08,19:00,Hvidovre IF,1–2,Nordsjælland,2985.0,Pro Ventilation Arena,1,2,2023/24
regular season,21,Sun,2024-03-10,14:00,Silkeborg,0–1,AGF,6836.0,JYSK Park,0,1,2023/24
regular season,21,Sun,2024-03-10,14:00,Vejle BK,0–1,Odense,9057.0,Vejle Stadion,0,1,2023/24
regular season,21,Sun,2024-03-10,16:00,FC Copenhagen,4–0,Lyngby,29848.0,Parken,4,0,2023/24
regular season,21,Sun,2024-03-10,18:00,Viborg,1–2,Brøndby,7876.0,Energi Viborg Arena,1,2,2023/24
regular season,21,Mon,2024-03-11,19:00,Randers,0–1,Midtjylland,4735.0,Cepheus Park Randers,0,1,2023/24
regular season,22,Sun,2024-03-17,17:00,Brøndby,4–1,Silkeborg,22538.0,Brøndby Stadion,4,1,2023/24
regular season,22,Sun,2024-03-17,17:00,Lyngby,2–0,Viborg,4277.0,Lyngby Stadion,2,0,2023/24
regular season,22,Sun,2024-03-17,17:00,Nordsjælland,1–1,Randers,3158.0,Right to Dream Park,1,1,2023/24
regular season,22,Sun,2024-03-17,17:00,Midtjylland,3–0,Vejle BK,10994.0,MCH Arena,3,0,2023/24
regular season,22,Sun,2024-03-17,17:00,AGF,1–0,Hvidovre IF,9126.0,Ceres Park,1,0,2023/24
regular season,22,Sun,2024-03-17,17:00,Odense,0–2,FC Copenhagen,14644.0,Nature Energy Park,0,2,2023/24
relegation round,23,Sun,2024-03-31,14:00,Randers,6–2,Lyngby,3461.0,Cepheus Park Randers,6,2,2023/24
relegation round,23,Sun,2024-03-31,16:00,Viborg,3–1,Hvidovre IF,5405.0,Energi Viborg Arena,3,1,2023/24
championship round,23,Mon,2024-04-01,14:00,FC Copenhagen,1–2,Brøndby,32617.0,Parken,1,2,2023/24
championship round,23,Mon,2024-04-01,16:00,Midtjylland,2–3,Nordsjælland,9333.0,MCH Arena,2,3,2023/24
championship round,23,Mon,2024-04-01,18:00,Silkeborg,2–2,AGF,4904.0,JYSK Park,2,2,2023/24
relegation round,23,Tue,2024-04-02,19:00,Odense,0–1,Vejle BK,5717.0,Nature Energy Park,0,1,2023/24
relegation round,24,Fri,2024-04-05,19:00,Lyngby,0–0,Odense,3987.0,Lyngby Stadion,0,0,2023/24
championship round,24,Sun,2024-04-07,16:00,Nordsjælland,2–1,FC Copenhagen,8461.0,Right to Dream Park,2,1,2023/24
relegation round,24,Sun,2024-04-07,14:00,Vejle BK,1–1,Viborg,7829.0,Vejle Stadion,1,1,2023/24
relegation round,24,Sun,2024-04-07,14:00,Hvidovre IF,1–3,Randers,2043.0,Pro Ventilation Arena,1,3,2023/24
championship round,24,Sun,2024-04-07,18:00,AGF,0–1,Midtjylland,8461.0,Ceres Park,0,1,2023/24
championship round,24,Mon,2024-04-08,19:00,Brøndby,1–1,Silkeborg,18156.0,Brøndby Stadion,1,1,2023/24
relegation round,25,Fri,2024-04-12,19:00,Odense,1–3,Viborg,6797.0,Nature Energy Park,1,3,2023/24
relegation round,25,Sun,2024-04-14,14:00,Lyngby,1–1,Hvidovre IF,4366.0,Lyngby Stadion,1,1,2023/24
relegation round,25,Sun,2024-04-14,14:00,Vejle BK,1–2,Randers,8101.0,Vejle Stadion,1,2,2023/24
championship round,25,Sun,2024-04-14,16:00,AGF,2–2,Brøndby,13266.0,Ceres Park,2,2,2023/24
championship round,25,Sun,2024-04-14,18:00,Midtjylland,2–2,FC Copenhagen,11714.0,MCH Arena,2,2,2023/24
championship round,25,Mon,2024-04-15,19:00,Silkeborg,0–1,Nordsjælland,2891.0,JYSK Park,0,1,2023/24
relegation round,26,Fri,2024-04-19,19:00,Randers,2–2,Odense,5251.0,Cepheus Park Randers,2,2,2023/24
relegation round,26,Sun,2024-04-21,14:00,Hvidovre IF,2–1,Vejle BK,2140.0,Pro Ventilation Arena,2,1,2023/24
relegation round,26,Sun,2024-04-21,14:00,Viborg,2–1,Lyngby,6713.0,Energi Viborg Arena,2,1,2023/24
championship round,26,Sun,2024-04-21,16:00,FC Copenhagen,2–0,Silkeborg,28674.0,Parken,2,0,2023/24
championship round,26,Sun,2024-04-21,18:00,Brøndby,2–1,Midtjylland,24386.0,Brøndby Stadion,2,1,2023/24
championship round,26,Mon,2024-04-22,19:00,Nordsjælland,7–2,AGF,3954.0,Right to Dream Park,7,2,2023/24
relegation round,27,Fri,2024-04-26,19:00,Lyngby,1–1,Vejle BK,4152.0,Lyngby Stadion,1,1,2023/24
relegation round,27,Sun,2024-04-28,14:00,Odense,1–2,Hvidovre IF,8826.0,Nature Energy Park,1,2,2023/24
relegation round,27,Sun,2024-04-28,14:00,Viborg,0–0,Randers,6826.0,Energi Viborg Arena,0,0,2023/24
championship round,27,Sun,2024-04-28,16:00,Nordsjælland,1–1,Brøndby,8780.0,Right to Dream Park,1,1,2023/24
championship round,27,Sun,2024-04-28,18:00,FC Copenhagen,3–2,AGF,29648.0,Parken,3,2,2023/24
championship round,27,Mon,2024-04-29,19:00,Silkeborg,3–0,Midtjylland,6130.0,JYSK Park,3,0,2023/24
championship round,28,Fri,2024-05-03,19:00,AGF,1–3,Nordsjælland,6470.0,Ceres Park,1,3,2023/24
relegation round,28,Sun,2024-05-05,14:00,Hvidovre IF,0–1,Viborg,2522.0,Pro Ventilation Arena,0,1,2023/24
relegation round,28,Sun,2024-05-05,14:00,Lyngby,2–1,Randers,4205.0,Lyngby Stadion,2,1,2023/24
championship round,28,Sun,2024-05-05,16:00,Silkeborg,0–3,FC Copenhagen,6481.0,JYSK Park,0,3,2023/24
championship round,28,Sun,2024-05-05,18:00,Midtjylland,3–2,Brøndby,11861.0,MCH Arena,3,2,2023/24
relegation round,28,Mon,2024-05-06,19:00,Vejle BK,3–2,Odense,9066.0,Vejle Stadion,3,2,2023/24
relegation round,29,Fri,2024-05-10,19:00,Odense,1–2,Lyngby,10388.0,Nature Energy Park,1,2,2023/24
relegation round,29,Sun,2024-05-12,14:00,Viborg,1–2,Vejle BK,6107.0,Energi Viborg Arena,1,2,2023/24
relegation round,29,Sun,2024-05-12,14:00,Randers,2–2,Hvidovre IF,5579.0,Cepheus Park Randers,2,2,2023/24
championship round,29,Sun,2024-05-12,16:00,Brøndby,1–3,FC Copenhagen,26267.0,Brøndby Stadion,1,3,2023/24
championship round,29,Sun,2024-05-12,18:00,Midtjylland,2–1,AGF,10762.0,MCH Arena,2,1,2023/24
championship round,29,Sun,2024-05-12,20:00,Nordsjælland,4–1,Silkeborg,3772.0,Right to Dream Park,4,1,2023/24
relegation round,30,Wed,2024-05-15,18:00,Vejle BK,1–0,Lyngby,8743.0,Vejle Stadion,1,0,2023/24
relegation round,30,Wed,2024-05-15,18:00,Randers,1–0,Viborg,6609.0,Cepheus Park Randers,1,0,2023/24
championship round,30,Wed,2024-05-15,20:00,Brøndby,1–0,Nordsjælland,22541.0,Brøndby Stadion,1,0,2023/24
relegation round,30,Thu,2024-05-16,18:00,Hvidovre IF,1–2,Odense,2864.0,Pro Ventilation Arena,1,2,2023/24
championship round,30,Thu,2024-05-16,20:00,FC Copenhagen,1–2,Midtjylland,34917.0,Parken,1,2,2023/24
championship round,30,Thu,2024-05-16,18:00,AGF,0–1,Silkeborg,6284.0,Ceres Park,0,1,2023/24
relegation round,31,Sun,2024-05-19,14:00,Odense,2–0,Randers,12164.0,Nature Energy Park,2,0,2023/24
relegation round,31,Mon,2024-05-20,14:00,Vejle BK,2–0,Hvidovre IF,9106.0,Vejle Stadion,2,0,2023/24
relegation round,31,Mon,2024-05-20,14:00,Lyngby,3–1,Viborg,6614.0,Lyngby Stadion,3,1,2023/24
championship round,31,Mon,2024-05-20,16:00,Silkeborg,0–2,Brøndby,8295.0,JYSK Park,0,2,2023/24
championship round,31,Mon,2024-05-20,18:00,Nordsjælland,3–3,Midtjylland,6614.0,Right to Dream Park,3,3,2023/24
championship round,31,Tue,2024-05-21,19:00,AGF,3–2,FC Copenhagen,13176.0,Ceres Park,3,2,2023/24
relegation round,32,Sat,2024-05-25,15:00,Viborg,2–1,Odense,6465.0,Energi Viborg Arena,2,1,2023/24
relegation round,32,Sat,2024-05-25,15:00,Randers,1–0,Vejle BK,5508.0,Cepheus Park Randers,1,0,2023/24
relegation round,32,Sat,2024-05-25,15:00,Hvidovre IF,0–0,Lyngby,5485.0,Pro Ventilation Arena,0,0,2023/24
championship round,32,Sun,2024-05-26,17:00,Brøndby,2–3,AGF,27168.0,Brøndby Stadion,2,3,2023/24
championship round,32,Sun,2024-05-26,17:00,FC Copenhagen,1–1,Nordsjælland,30289.0,Parken,1,1,2023/24
championship round,32,Sun,2024-05-26,17:00,Midtjylland,3–3,Silkeborg,11590.0,MCH Arena,3,3,2023/24
regular season,1,Fri,2022-07-15,19:00,Midtjylland,1–1,Randers,7359.0,MCH Arena,1,1,2022/23
regular season,1,Sun,2022-07-17,14:00,Viborg,2–1,Aalborg,4681.0,Energi Viborg Arena,2,1,2022/23
regular season,1,Sun,2022-07-17,14:00,Lyngby,2–2,Silkeborg,3871.0,Lyngby Stadion,2,2,2022/23
regular season,1,Sun,2022-07-17,16:00,FC Copenhagen,0–1,Horsens,22184.0,Parken,0,1,2022/23
regular season,1,Sun,2022-07-17,18:00,Brøndby,1–0,AGF,17022.0,Brøndby Stadion,1,0,2022/23
regular season,1,Mon,2022-07-18,19:00,Odense,0–2,Nordsjælland,6733.0,Nature Energy Park,0,2,2022/23
regular season,2,Fri,2022-07-22,19:00,Midtjylland,1–3,Silkeborg,6912.0,MCH Arena,1,3,2022/23
regular season,2,Sun,2022-07-24,14:00,Randers,2–2,Odense,4004.0,Cepheus Park Randers,2,2,2022/23
regular season,2,Sun,2022-07-24,14:00,AGF,3–1,Viborg,10036.0,Ceres Park,3,1,2022/23
regular season,2,Sun,2022-07-24,16:00,Brøndby,1–3,Nordsjælland,17001.0,Brøndby Stadion,1,3,2022/23
regular season,2,Sun,2022-07-24,18:00,Aalborg,1–3,FC Copenhagen,9385.0,Aalborg Portland Park,1,3,2022/23
regular season,2,Mon,2022-07-25,19:00,Horsens,1–0,Lyngby,2682.0,CASA Arena Horsens,1,0,2022/23
regular season,3,Fri,2022-07-29,19:00,Odense,1–5,Midtjylland,6164.0,Nature Energy Park,1,5,2022/23
regular season,3,Sun,2022-07-31,14:00,AGF,0–0,Randers,13862.0,Ceres Park,0,0,2022/23
regular season,3,Sun,2022-07-31,14:00,Aalborg,0–0,Horsens,6473.0,Aalborg Portland Park,0,0,2022/23
regular season,3,Sun,2022-07-31,16:00,Viborg,4–2,FC Copenhagen,6064.0,Energi Viborg Arena,4,2,2022/23
regular season,3,Sun,2022-07-31,18:00,Silkeborg,2–0,Brøndby,7028.0,JYSK Park,2,0,2022/23
regular season,3,Mon,2022-08-01,19:00,Nordsjælland,2–1,Lyngby,5044.0,Right to Dream Park,2,1,2022/23
regular season,4,Fri,2022-08-05,18:00,Randers,1–0,Horsens,4049.0,Cepheus Park Randers,1,0,2022/23
regular season,4,Fri,2022-08-05,20:00,Lyngby,3–3,Midtjylland,5147.0,Lyngby Stadion,3,3,2022/23
regular season,4,Sat,2022-08-06,16:00,Nordsjælland,1–0,Viborg,2507.0,Right to Dream Park,1,0,2022/23
regular season,4,Sun,2022-08-07,16:00,FC Copenhagen,4–1,Brøndby,32630.0,Parken,4,1,2022/23
regular season,4,Sun,2022-08-07,18:00,Odense,1–2,AGF,5865.0,Nature Energy Park,1,2,2022/23
regular season,4,Mon,2022-08-08,19:00,Silkeborg,3–1,Aalborg,5136.0,JYSK Park,3,1,2022/23
regular season,5,Fri,2022-08-12,19:00,Horsens,3–3,Midtjylland,4300.0,CASA Arena Horsens,3,3,2022/23
regular season,5,Fri,2022-08-12,21:00,FC Copenhagen,1–3,Randers,22810.0,Parken,1,3,2022/23
regular season,5,Sun,2022-08-14,14:00,Viborg,2–0,Silkeborg,5806.0,Energi Viborg Arena,2,0,2022/23
regular season,5,Sun,2022-08-14,16:00,Aalborg,0–0,Nordsjælland,5749.0,Aalborg Portland Park,0,0,2022/23
regular season,5,Sun,2022-08-14,18:00,Brøndby,2–0,Odense,17946.0,Brøndby Stadion,2,0,2022/23
regular season,5,Mon,2022-08-15,19:00,AGF,1–0,Lyngby,10646.0,Ceres Park,1,0,2022/23
regular season,6,Fri,2022-08-19,19:00,Lyngby,0–3,FC Copenhagen,10036.0,Lyngby Stadion,0,3,2022/23
regular season,6,Sat,2022-08-20,16:00,Midtjylland,0–2,AGF,8559.0,MCH Arena,0,2,2022/23
regular season,6,Sun,2022-08-21,14:00,Nordsjælland,0–2,Silkeborg,3919.0,Right to Dream Park,0,2,2022/23
regular season,6,Sun,2022-08-21,16:00,Randers,1–0,Viborg,5456.0,Cepheus Park Randers,1,0,2022/23
regular season,6,Sun,2022-08-21,18:00,Aalborg,2–1,Brøndby,8754.0,Aalborg Portland Park,2,1,2022/23
regular season,6,Mon,2022-08-22,19:00,Odense,1–0,Horsens,7567.0,Nature Energy Park,1,0,2022/23
regular season,7,Fri,2022-08-26,19:00,Horsens,2–1,AGF,7071.0,CASA Arena Horsens,2,1,2022/23
regular season,7,Sun,2022-08-28,14:00,Randers,1–0,Aalborg,5876.0,Cepheus Park Randers,1,0,2022/23
regular season,7,Sun,2022-08-28,14:00,Viborg,2–1,Lyngby,3491.0,Energi Viborg Arena,2,1,2022/23
regular season,7,Sun,2022-08-28,16:00,Nordsjælland,3–1,FC Copenhagen,9497.0,Right to Dream Park,3,1,2022/23
regular season,7,Sun,2022-08-28,18:00,Silkeborg,1–2,Odense,4087.0,JYSK Park,1,2,2022/23
regular season,7,Mon,2022-08-29,19:00,Brøndby,0–2,Midtjylland,16622.0,Brøndby Stadion,0,2,2022/23
regular season,8,Fri,2022-09-02,19:00,FC Copenhagen,1–0,Silkeborg,24896.0,Parken,1,0,2022/23
regular season,8,Sun,2022-09-04,14:00,Lyngby,0–2,Randers,4129.0,Lyngby Stadion,0,2,2022/23
regular season,8,Sun,2022-09-04,14:00,Odense,1–2,Viborg,12437.0,Nature Energy Park,1,2,2022/23
regular season,8,Sun,2022-09-04,16:00,Horsens,0–2,Brøndby,8014.0,CASA Arena Horsens,0,2,2022/23
regular season,8,Sun,2022-09-04,18:00,Midtjylland,0–2,Aalborg,8953.0,MCH Arena,0,2,2022/23
regular season,8,Mon,2022-09-05,19:00,AGF,2–3,Nordsjælland,10959.0,Ceres Park,2,3,2022/23
regular season,9,Sat,2022-09-10,19:00,Odense,2–1,FC Copenhagen,12056.0,Nature Energy Park,2,1,2022/23
regular season,9,Sun,2022-09-11,14:00,Nordsjælland,1–1,Midtjylland,4616.0,Right to Dream Park,1,1,2022/23
regular season,9,Sun,2022-09-11,14:00,Aalborg,1–1,Lyngby,8657.0,Aalborg Portland Park,1,1,2022/23
regular season,9,Sun,2022-09-11,16:00,Brøndby,2–2,Randers,22225.0,Brøndby Stadion,2,2,2022/23
regular season,9,Sun,2022-09-11,18:00,Silkeborg,1–0,AGF,6495.0,JYSK Park,1,0,2022/23
regular season,9,Mon,2022-09-12,19:00,Viborg,2–1,Horsens,4067.0,Energi Viborg Arena,2,1,2022/23
regular season,10,Fri,2022-09-16,19:00,Horsens,1–0,Nordsjælland,3497.0,CASA Arena Horsens,1,0,2022/23
regular season,10,Sat,2022-09-17,17:00,AGF,3–1,Aalborg,16233.0,Ceres Park,3,1,2022/23
regular season,10,Sun,2022-09-18,16:00,Viborg,0–0,Brøndby,8632.0,Energi Viborg Arena,0,0,2022/23
regular season,10,Sun,2022-09-18,18:00,Midtjylland,2–1,FC Copenhagen,10911.0,MCH Arena,2,1,2022/23
regular season,10,Sun,2022-09-18,14:00,Randers,3–2,Silkeborg,8014.0,Cepheus Park Randers,3,2,2022/23
regular season,10,Sun,2022-09-18,14:00,Lyngby,0–2,Odense,4758.0,Lyngby Stadion,0,2,2022/23
regular season,11,Fri,2022-09-30,19:00,Aalborg,1–1,Odense,7759.0,Aalborg Portland Park,1,1,2022/23
regular season,11,Sun,2022-10-02,14:00,Silkeborg,2–1,Horsens,4338.0,JYSK Park,2,1,2022/23
regular season,11,Sun,2022-10-02,14:00,Midtjylland,1–1,Viborg,10200.0,MCH Arena,1,1,2022/23
regular season,11,Sun,2022-10-02,16:00,Brøndby,3–3,Lyngby,19046.0,Brøndby Stadion,3,3,2022/23
regular season,11,Sun,2022-10-02,18:00,FC Copenhagen,1–0,AGF,26364.0,Parken,1,0,2022/23
regular season,11,Mon,2022-10-03,19:00,Nordsjælland,3–1,Randers,3394.0,Right to Dream Park,3,1,2022/23
regular season,12,Fri,2022-10-07,19:00,Lyngby,1–1,Viborg,4175.0,Lyngby Stadion,1,1,2022/23
regular season,12,Sat,2022-10-08,19:00,FC Copenhagen,1–1,Nordsjælland,28442.0,Parken,1,1,2022/23
regular season,12,Sun,2022-10-09,16:00,Odense,1–1,Silkeborg,13020.0,Nature Energy Park,1,1,2022/23
regular season,12,Sun,2022-10-09,14:00,AGF,0–1,Midtjylland,18356.0,Ceres Park,0,1,2022/23
regular season,12,Sun,2022-10-09,18:00,Randers,2–3,Brøndby,7134.0,Cepheus Park Randers,2,3,2022/23
regular season,12,Mon,2022-10-10,19:00,Horsens,0–0,Aalborg,3177.0,CASA Arena Horsens,0,0,2022/23
regular season,13,Fri,2022-10-14,19:00,Lyngby,0–2,Aalborg,4079.0,Lyngby Stadion,0,2,2022/23
regular season,13,Sun,2022-10-16,14:00,Brøndby,1–1,FC Copenhagen,23245.0,Brøndby Stadion,1,1,2022/23
regular season,13,Sun,2022-10-16,14:00,Viborg,0–0,Odense,4909.0,Energi Viborg Arena,0,0,2022/23
regular season,13,Sun,2022-10-16,16:00,Nordsjælland,1–1,AGF,3851.0,Right to Dream Park,1,1,2022/23
regular season,13,Sun,2022-10-16,18:00,Midtjylland,2–1,Horsens,8649.0,MCH Arena,2,1,2022/23
regular season,13,Mon,2022-10-17,19:00,Silkeborg,3–3,Randers,5167.0,JYSK Park,3,3,2022/23
regular season,14,Fri,2022-10-21,19:00,Odense,3–1,Lyngby,7336.0,Nature Energy Park,3,1,2022/23
regular season,14,Sat,2022-10-22,16:00,FC Copenhagen,1–1,Midtjylland,29664.0,Parken,1,1,2022/23
regular season,14,Sun,2022-10-23,14:00,Randers,0–2,Nordsjælland,6492.0,Cepheus Park Randers,0,2,2022/23
regular season,14,Sun,2022-10-23,16:00,Horsens,3–2,Silkeborg,3715.0,CASA Arena Horsens,3,2,2022/23
regular season,14,Sun,2022-10-23,18:00,AGF,2–2,Brøndby,15219.0,Ceres Park,2,2,2022/23
regular season,14,Mon,2022-10-24,19:00,Aalborg,1–3,Viborg,6521.0,Aalborg Portland Park,1,3,2022/23
regular season,15,Fri,2022-10-28,19:00,Nordsjælland,2–0,Horsens,3702.0,Right to Dream Park,2,0,2022/23
regular season,15,Sat,2022-10-29,16:00,Randers,0–2,FC Copenhagen,6220.0,Cepheus Park Randers,0,2,2022/23
regular season,15,Sun,2022-10-30,14:00,Lyngby,0–1,AGF,5779.0,Lyngby Stadion,0,1,2022/23
regular season,15,Sun,2022-10-30,16:00,Silkeborg,1–2,Viborg,6062.0,JYSK Park,1,2,2022/23
regular season,15,Sun,2022-10-30,18:00,Brøndby,3–2,Aalborg,18667.0,Brøndby Stadion,3,2,2022/23
regular season,15,Mon,2022-10-31,19:00,Midtjylland,1–2,Odense,7776.0,MCH Arena,1,2,2022/23
regular season,16,Fri,2022-11-04,19:00,Horsens,5–1,Randers,4152.0,CASA Arena Horsens,5,1,2022/23
regular season,16,Sun,2022-11-06,14:00,Viborg,1–1,AGF,7399.0,Energi Viborg Arena,1,1,2022/23
regular season,16,Sun,2022-11-06,14:00,Aalborg,1–2,Silkeborg,8165.0,Aalborg Portland Park,1,2,2022/23
regular season,16,Sun,2022-11-06,16:00,FC Copenhagen,3–0,Lyngby,26043.0,Parken,3,0,2022/23
regular season,16,Sun,2022-11-06,18:00,Odense,1–1,Brøndby,14546.0,Nature Energy Park,1,1,2022/23
regular season,16,Mon,2022-11-07,19:00,Midtjylland,0–0,Nordsjælland,7935.0,MCH Arena,0,0,2022/23
regular season,17,Sat,2022-11-12,16:00,Silkeborg,0–2,Lyngby,4681.0,JYSK Park,0,2,2022/23
regular season,17,Sun,2022-11-13,14:00,AGF,0–2,FC Copenhagen,18126.0,Ceres Park,0,2,2022/23
regular season,17,Sun,2022-11-13,14:00,Horsens,3–3,Odense,4654.0,CASA Arena Horsens,3,3,2022/23
regular season,17,Sun,2022-11-13,16:00,Brøndby,0–2,Viborg,21020.0,Brøndby Stadion,0,2,2022/23
regular season,17,Sun,2022-11-13,18:00,Nordsjælland,5–1,Aalborg,5023.0,Right to Dream Park,5,1,2022/23
regular season,17,Sun,2022-11-13,20:00,Randers,0–0,Midtjylland,3631.0,Cepheus Park Randers,0,0,2022/23
regular season,18,Fri,2023-02-17,19:00,Aalborg,0–1,AGF,7854.0,Aalborg Portland Park,0,1,2022/23
regular season,18,Sun,2023-02-19,14:00,Odense,0–0,Randers,9600.0,Nature Energy Park,0,0,2022/23
regular season,18,Sun,2023-02-19,14:00,Lyngby,1–1,Nordsjælland,6785.0,Lyngby Stadion,1,1,2022/23
regular season,18,Sun,2023-02-19,16:00,Silkeborg,0–3,FC Copenhagen,7343.0,JYSK Park,0,3,2022/23
regular season,18,Sun,2023-02-19,18:00,Brøndby,5–2,Horsens,19345.0,Brøndby Stadion,5,2,2022/23
regular season,18,Mon,2023-02-20,19:00,Viborg,0–4,Midtjylland,7218.0,Energi Viborg Arena,0,4,2022/23
regular season,19,Fri,2023-02-24,19:00,Nordsjælland,4–2,Odense,5102.0,Right to Dream Park,4,2,2022/23
regular season,19,Sun,2023-02-26,14:00,Randers,1–0,Lyngby,4673.0,Cepheus Park Randers,1,0,2022/23
regular season,19,Sun,2023-02-26,14:00,Horsens,0–3,Viborg,4124.0,CASA Arena Horsens,0,3,2022/23
regular season,19,Sun,2023-02-26,16:00,FC Copenhagen,1–0,Aalborg,31633.0,Parken,1,0,2022/23
regular season,19,Sun,2023-02-26,18:00,AGF,1–1,Silkeborg,11469.0,Ceres Park,1,1,2022/23
regular season,19,Mon,2023-02-27,19:00,Midtjylland,0–1,Brøndby,9865.0,MCH Arena,0,1,2022/23
regular season,20,Fri,2023-03-03,19:00,AGF,2–0,Horsens,10355.0,Ceres Park,2,0,2022/23
regular season,20,Sun,2023-03-05,14:00,Silkeborg,2–1,Nordsjælland,4245.0,JYSK Park,2,1,2022/23
regular season,20,Sun,2023-03-05,14:00,Viborg,2–2,Randers,5923.0,Energi Viborg Arena,2,2,2022/23
regular season,20,Sun,2023-03-05,16:00,Lyngby,1–0,Brøndby,10023.0,Lyngby Stadion,1,0,2022/23
regular season,20,Sun,2023-03-05,18:30,FC Copenhagen,7–0,Odense,24706.0,Parken,7,0,2022/23
regular season,20,Mon,2023-03-06,19:00,Aalborg,0–0,Midtjylland,6396.0,Aalborg Portland Park,0,0,2022/23
regular season,21,Fri,2023-03-10,19:00,Odense,2–1,Aalborg,9013.0,Nature Energy Park,2,1,2022/23
regular season,21,Sun,2023-03-12,14:00,Midtjylland,1–3,Lyngby,8178.0,MCH Arena,1,3,2022/23
regular season,21,Sun,2023-03-12,14:00,Viborg,1–1,Nordsjælland,5934.0,Energi Viborg Arena,1,1,2022/23
regular season,21,Sun,2023-03-12,16:00,Horsens,1–4,FC Copenhagen,5973.0,CASA Arena Horsens,1,4,2022/23
regular season,21,Sun,2023-03-12,18:00,Brøndby,2–1,Silkeborg,19232.0,Brøndby Stadion,2,1,2022/23
regular season,21,Mon,2023-03-13,19:00,Randers,1–2,AGF,9136.0,Cepheus Park Randers,1,2,2022/23
regular season,22,Sun,2023-03-19,15:00,Aalborg,0–1,Randers,8452.0,Aalborg Portland Park,0,1,2022/23
regular season,22,Sun,2023-03-19,15:00,AGF,1–0,Odense,13759.0,Ceres Park,1,0,2022/23
regular season,22,Sun,2023-03-19,15:00,Lyngby,1–1,Horsens,5971.0,Lyngby Stadion,1,1,2022/23
regular season,22,Sun,2023-03-19,15:00,Nordsjælland,2–1,Brøndby,10300.0,Right to Dream Park,2,1,2022/23
regular season,22,Sun,2023-03-19,15:00,Silkeborg,3–3,Midtjylland,7978.0,JYSK Park,3,3,2022/23
regular season,22,Sun,2023-03-19,15:00,FC Copenhagen,2–1,Viborg,32678.0,Parken,2,1,2022/23
relegation round,23,Fri,2023-03-31,19:00,Odense,1–3,Midtjylland,7864.0,Nature Energy Park,1,3,2022/23
relegation round,23,Sun,2023-04-02,14:00,Horsens,0–4,Aalborg,3438.0,CASA Arena Horsens,0,4,2022/23
relegation round,23,Sun,2023-04-02,14:00,Lyngby,1–1,Silkeborg,3871.0,Lyngby Stadion,1,1,2022/23
championship round,23,Sun,2023-04-02,16:00,Brøndby,0–3,Viborg,17803.0,Brøndby Stadion,0,3,2022/23
championship round,23,Sun,2023-04-02,18:00,FC Copenhagen,2–1,Nordsjælland,30671.0,Parken,2,1,2022/23
championship round,23,Mon,2023-04-03,19:00,AGF,1–1,Randers,12625.0,Ceres Park,1,1,2022/23
championship round,24,Sun,2023-04-09,16:00,Viborg,0–1,AGF,7533.0,Energi Viborg Arena,0,1,2022/23
championship round,24,Mon,2023-04-10,16:00,Randers,1–0,FC Copenhagen,7324.0,Cepheus Park Randers,1,0,2022/23
relegation round,24,Mon,2023-04-10,14:00,Aalborg,2–3,Odense,7815.0,Aalborg Portland Park,2,3,2022/23
relegation round,24,Mon,2023-04-10,14:00,Midtjylland,1–0,Lyngby,7351.0,MCH Arena,1,0,2022/23
championship round,24,Mon,2023-04-10,18:00,Nordsjælland,2–1,Brøndby,6555.0,Right to Dream Park,2,1,2022/23
relegation round,24,Tue,2023-04-11,18:30,Silkeborg,1–2,Horsens,7815.0,JYSK Park,1,2,2022/23
relegation round,25,Fri,2023-04-14,19:00,Midtjylland,1–1,Aalborg,7334.0,MCH Arena,1,1,2022/23
relegation round,25,Sun,2023-04-16,14:00,Odense,2–0,Silkeborg,9023.0,Nature Energy Park,2,0,2022/23
relegation round,25,Sun,2023-04-16,14:00,Lyngby,2–1,Horsens,4471.0,Lyngby Stadion,2,1,2022/23
championship round,25,Sun,2023-04-16,16:00,FC Copenhagen,2–1,Viborg,26947.0,Parken,2,1,2022/23
championship round,25,Sun,2023-04-16,18:00,Brøndby,1–0,AGF,16138.0,Brøndby Stadion,1,0,2022/23
championship round,25,Mon,2023-04-17,19:00,Randers,1–1,Nordsjælland,5265.0,Cepheus Park Randers,1,1,2022/23
relegation round,26,Fri,2023-04-21,19:00,Silkeborg,2–2,Aalborg,4025.0,JYSK Park,2,2,2022/23
championship round,26,Sun,2023-04-23,14:00,Viborg,1–0,Nordsjælland,5966.0,Energi Viborg Arena,1,0,2022/23
relegation round,26,Sun,2023-04-23,14:00,Horsens,0–2,Midtjylland,5966.0,CASA Arena Horsens,0,2,2022/23
championship round,26,Sun,2023-04-23,16:00,Brøndby,0–4,Randers,17113.0,Brøndby Stadion,0,4,2022/23
championship round,26,Sun,2023-04-23,18:00,AGF,0–0,FC Copenhagen,18082.0,Ceres Park,0,0,2022/23
relegation round,26,Mon,2023-04-24,19:00,Odense,2–2,Lyngby,7952.0,Nature Energy Park,2,2,2022/23
relegation round,27,Fri,2023-04-28,19:00,Horsens,2–2,Odense,3324.0,CASA Arena Horsens,2,2,2022/23
championship round,27,Sun,2023-04-30,14:00,Viborg,3–1,Randers,6542.0,Energi Viborg Arena,3,1,2022/23
relegation round,27,Sun,2023-04-30,14:00,Aalborg,1–0,Lyngby,7507.0,Aalborg Portland Park,1,0,2022/23
championship round,27,Sun,2023-04-30,16:00,FC Copenhagen,0–1,Brøndby,35057.0,Parken,0,1,2022/23
championship round,27,Sun,2023-04-30,18:00,Nordsjælland,0–1,AGF,4640.0,Right to Dream Park,0,1,2022/23
relegation round,27,Mon,2023-05-01,19:00,Midtjylland,3–0,Silkeborg,8582.0,MCH Arena,3,0,2022/23
relegation round,28,Sun,2023-05-07,12:00,Aalborg,4–0,Horsens,10011.0,Aalborg Portland Park,4,0,2022/23
relegation round,28,Sun,2023-05-07,14:00,Lyngby,2–1,Midtjylland,7438.0,Lyngby Stadion,2,1,2022/23
relegation round,28,Sun,2023-05-07,14:00,Silkeborg,0–1,Odense,3274.0,JYSK Park,0,1,2022/23
championship round,28,Sun,2023-05-07,16:00,Randers,1–3,Brøndby,7206.0,Cepheus Park Randers,1,3,2022/23
championship round,28,Sun,2023-05-07,18:00,AGF,3–0,Viborg,15620.0,Ceres Park,3,0,2022/23
championship round,28,Mon,2023-05-08,19:00,Nordsjælland,3–2,FC Copenhagen,9713.0,Right to Dream Park,3,2,2022/23
relegation round,29,Fri,2023-05-12,19:00,Odense,1–1,Aalborg,11523.0,Nature Energy Park,1,1,2022/23
relegation round,29,Sun,2023-05-14,14:00,Silkeborg,1–0,Lyngby,5658.0,JYSK Park,1,0,2022/23
relegation round,29,Sun,2023-05-14,14:00,Midtjylland,3–1,Horsens,8383.0,MCH Arena,3,1,2022/23
championship round,29,Sun,2023-05-14,16:00,Brøndby,1–3,FC Copenhagen,24478.0,Brøndby Stadion,1,3,2022/23
championship round,29,Sun,2023-05-14,18:00,AGF,1–1,Nordsjælland,18173.0,Ceres Park,1,1,2022/23
championship round,29,Mon,2023-05-15,19:00,Randers,0–2,Viborg,8700.0,Cepheus Park Randers,0,2,2022/23
relegation round,30,Fri,2023-05-19,19:00,Horsens,0–1,Silkeborg,3878.0,CASA Arena Horsens,0,1,2022/23
relegation round,30,Sun,2023-05-21,14:00,Lyngby,0–4,Odense,6827.0,Lyngby Stadion,0,4,2022/23
relegation round,30,Sun,2023-05-21,14:00,Aalborg,0–2,Midtjylland,10185.0,Aalborg Portland Park,0,2,2022/23
championship round,30,Sun,2023-05-21,16:05,Viborg,1–1,Brøndby,9342.0,Energi Viborg Arena,1,1,2022/23
championship round,30,Sun,2023-05-21,18:00,FC Copenhagen,4–3,AGF,32013.0,Parken,4,3,2022/23
championship round,30,Mon,2023-05-22,19:00,Nordsjælland,3–1,Randers,6229.0,Right to Dream Park,3,1,2022/23
relegation round,31,Fri,2023-05-26,19:00,Odense,2–1,Horsens,13618.0,Nature Energy Park,2,1,2022/23
relegation round,31,Mon,2023-05-29,14:00,Silkeborg,3–3,Midtjylland,6139.0,JYSK Park,3,3,2022/23
relegation round,31,Mon,2023-05-29,14:00,Lyngby,2–1,Aalborg,9341.0,Lyngby Stadion,2,1,2022/23
championship round,31,Mon,2023-05-29,16:00,Viborg,1–2,FC Copenhagen,9523.0,Energi Viborg Arena,1,2,2022/23
championship round,31,Mon,2023-05-29,18:00,Brøndby,5–1,Nordsjælland,19259.0,Brøndby Stadion,5,1,2022/23
championship round,31,Tue,2023-05-30,19:00,Randers,1–3,AGF,8856.0,Cepheus Park Randers,1,3,2022/23
relegation round,32,Sat,2023-06-03,14:00,Midtjylland,4–2,Odense,8977.0,MCH Arena,4,2,2022/23
relegation round,32,Sat,2023-06-03,14:00,Horsens,0–0,Lyngby,5794.0,CASA Arena Horsens,0,0,2022/23
relegation round,32,Sat,2023-06-03,14:00,Aalborg,0–1,Silkeborg,11300.0,Aalborg Portland Park,0,1,2022/23
championship round,32,Sun,2023-06-04,17:00,AGF,3–3,Brøndby,19414.0,Ceres Park,3,3,2022/23
championship round,32,Sun,2023-06-04,17:00,FC Copenhagen,1–1,Randers,35820.0,Parken,1,1,2022/23
championship round,32,Sun,2023-06-04,17:00,Nordsjælland,0–0,Viborg,9078.0,Right to Dream Park,0,0,2022/23
regular season,1,Fri,2021-07-16,19:00,Midtjylland,1–2,Odense,4890.0,MCH Arena,1,2,2021/22
regular season,1,Sun,2021-07-18,14:00,Nordsjælland,1–2,Viborg,2000.0,Right to Dream Park,1,2,2021/22
regular season,1,Sun,2021-07-18,14:00,Vejle BK,0–2,Randers,3350.0,Vejle Stadion,0,2,2021/22
regular season,1,Sun,2021-07-18,16:00,FC Copenhagen,2–2,Aalborg,13326.0,Parken,2,2,2021/22
regular season,1,Sun,2021-07-18,19:00,AGF,1–1,Brøndby,8392.0,Ceres Park,1,1,2021/22
regular season,1,Mon,2021-07-19,19:00,Silkeborg,0–0,SønderjyskE,2174.0,JYSK Park,0,0,2021/22
regular season,2,Sat,2021-07-24,18:00,Aalborg,0–1,Midtjylland,3784.0,Aalborg Portland Park,0,1,2021/22
regular season,2,Sun,2021-07-25,14:00,Nordsjælland,0–0,AGF,2213.0,Right to Dream Park,0,0,2021/22
regular season,2,Sun,2021-07-25,14:00,Randers,1–1,Odense,2927.0,Cepheus Park Randers,1,1,2021/22
regular season,2,Sun,2021-07-25,16:00,FC Copenhagen,0–0,Silkeborg,11702.0,Parken,0,0,2021/22
regular season,2,Sun,2021-07-25,18:00,Brøndby,1–1,Viborg,9578.0,Brøndby Stadion,1,1,2021/22
regular season,2,Mon,2021-07-26,19:00,SønderjyskE,1–0,Vejle BK,2817.0,Sydbank Park,1,0,2021/22
regular season,3,Sat,2021-07-31,16:00,Viborg,0–2,Midtjylland,4013.0,Energi Viborg Arena,0,2,2021/22
regular season,3,Sun,2021-08-01,14:00,AGF,1–2,Randers,8869.0,Ceres Park,1,2,2021/22
regular season,3,Sun,2021-08-01,14:00,Silkeborg,0–0,Aalborg,3360.0,JYSK Park,0,0,2021/22
regular season,3,Sun,2021-08-01,16:00,Vejle BK,2–2,Brøndby,10107.0,Vejle Stadion,2,2,2021/22
regular season,3,Sun,2021-08-01,18:00,Odense,0–2,FC Copenhagen,12493.0,Nature Energy Park,0,2,2021/22
regular season,3,Mon,2021-08-02,19:00,SønderjyskE,0–2,Nordsjælland,3020.0,Sydbank Park,0,2,2021/22
regular season,4,Fri,2021-08-06,18:30,Silkeborg,4–1,Viborg,3708.0,JYSK Park,4,1,2021/22
regular season,4,Fri,2021-08-06,20:30,Midtjylland,4–1,Vejle BK,7682.0,MCH Arena,4,1,2021/22
regular season,4,Sun,2021-08-08,14:00,Randers,1–0,SønderjyskE,31297.0,Cepheus Park Randers,1,0,2021/22
regular season,4,Sun,2021-08-08,16:00,FC Copenhagen,4–2,Brøndby,31297.0,Parken,4,2,2021/22
regular season,4,Sun,2021-08-08,18:00,Aalborg,2–0,AGF,7903.0,Aalborg Portland Park,2,0,2021/22
regular season,4,Mon,2021-08-09,19:00,Nordsjælland,3–1,Odense,2485.0,Right to Dream Park,3,1,2021/22
regular season,5,Fri,2021-08-13,17:30,SønderjyskE,0–2,Midtjylland,4037.0,Sydbank Park,0,2,2021/22
regular season,5,Fri,2021-08-13,19:15,Viborg,1–2,Randers,5085.0,Energi Viborg Arena,1,2,2021/22
regular season,5,Fri,2021-08-13,21:00,Brøndby,0–1,Nordsjælland,18009.0,Brøndby Stadion,0,1,2021/22
regular season,5,Sun,2021-08-15,16:00,Odense,1–1,Silkeborg,6489.0,Nature Energy Park,1,1,2021/22
regular season,5,Sun,2021-08-15,18:00,AGF,1–3,FC Copenhagen,13113.0,Ceres Park,1,3,2021/22
regular season,5,Mon,2021-08-16,19:00,Vejle BK,0–1,Aalborg,4350.0,Vejle Stadion,0,1,2021/22
regular season,6,Fri,2021-08-20,19:00,Midtjylland,3–0,Silkeborg,8498.0,MCH Arena,3,0,2021/22
regular season,6,Sat,2021-08-21,18:00,Odense,2–2,Brøndby,10694.0,Nature Energy Park,2,2,2021/22
regular season,6,Sun,2021-08-22,14:00,Randers,1–1,Aalborg,4906.0,Cepheus Park Randers,1,1,2021/22
regular season,6,Sun,2021-08-22,16:00,FC Copenhagen,2–0,SønderjyskE,17802.0,Parken,2,0,2021/22
regular season,6,Sun,2021-08-22,18:00,Viborg,2–0,AGF,5095.0,Energi Viborg Arena,2,0,2021/22
regular season,6,Mon,2021-08-23,19:00,Nordsjælland,3–1,Vejle BK,3485.0,Right to Dream Park,3,1,2021/22
regular season,7,Fri,2021-08-27,19:00,Aalborg,2–1,Nordsjælland,5416.0,Aalborg Portland Park,2,1,2021/22
regular season,7,Sun,2021-08-29,14:00,SønderjyskE,2–2,Viborg,3517.0,Sydbank Park,2,2,2021/22
regular season,7,Sun,2021-08-29,14:00,Silkeborg,2–1,Randers,3098.0,JYSK Park,2,1,2021/22
regular season,7,Sun,2021-08-29,16:00,Vejle BK,0–4,FC Copenhagen,8420.0,Vejle Stadion,0,4,2021/22
regular season,7,Sun,2021-08-29,18:00,AGF,2–2,Odense,10332.0,Ceres Park,2,2,2021/22
regular season,7,Sun,2021-08-29,20:00,Brøndby,2–0,Midtjylland,13777.0,Brøndby Stadion,2,0,2021/22
regular season,8,Fri,2021-09-10,18:00,Midtjylland,2–0,Nordsjælland,8148.0,MCH Arena,2,0,2021/22
regular season,8,Fri,2021-09-10,20:00,Brøndby,1–1,Silkeborg,15341.0,Brøndby Stadion,1,1,2021/22
regular season,8,Sun,2021-09-12,14:00,Viborg,2–3,Aalborg,6014.0,Energi Viborg Arena,2,3,2021/22
regular season,8,Sun,2021-09-12,16:00,Randers,0–2,FC Copenhagen,7011.0,Cepheus Park Randers,0,2,2021/22
regular season,8,Sun,2021-09-12,18:00,AGF,1–0,Vejle BK,11038.0,Ceres Park,1,0,2021/22
regular season,8,Mon,2021-09-13,19:00,Odense,2–1,SønderjyskE,5701.0,Nature Energy Park,2,1,2021/22
regular season,9,Fri,2021-09-17,19:00,Aalborg,2–0,Odense,8123.0,Aalborg Portland Park,2,0,2021/22
regular season,9,Sun,2021-09-19,14:00,Vejle BK,1–1,Viborg,4675.0,Vejle Stadion,1,1,2021/22
regular season,9,Sun,2021-09-19,14:00,Randers,3–2,Nordsjælland,3462.0,Cepheus Park Randers,3,2,2021/22
regular season,9,Sun,2021-09-19,16:00,SønderjyskE,1–0,Brøndby,7283.0,Sydbank Park,1,0,2021/22
regular season,9,Sun,2021-09-19,18:00,FC Copenhagen,0–1,Midtjylland,34378.0,Parken,0,1,2021/22
regular season,9,Mon,2021-09-20,19:00,Silkeborg,0–2,AGF,8013.0,JYSK Park,0,2,2021/22
regular season,10,Sun,2021-09-26,14:00,Viborg,1–1,Odense,3963.0,Energi Viborg Arena,1,1,2021/22
regular season,10,Sun,2021-09-26,14:00,Midtjylland,1–0,Randers,8503.0,MCH Arena,1,0,2021/22
regular season,10,Sun,2021-09-26,16:00,Nordsjælland,1–5,FC Copenhagen,9578.0,Right to Dream Park,1,5,2021/22
regular season,10,Sun,2021-09-26,18:00,Brøndby,2–1,Aalborg,18154.0,Brøndby Stadion,2,1,2021/22
regular season,10,Sun,2021-09-26,20:00,Vejle BK,2–4,Silkeborg,3356.0,Vejle Stadion,2,4,2021/22
regular season,10,Mon,2021-09-27,19:00,AGF,1–0,SønderjyskE,8153.0,Ceres Park,1,0,2021/22
regular season,11,Fri,2021-10-01,19:00,Odense,6–0,Vejle BK,8504.0,Nature Energy Park,6,0,2021/22
regular season,11,Sun,2021-10-03,14:00,Silkeborg,4–1,Nordsjælland,5661.0,JYSK Park,4,1,2021/22
regular season,11,Sun,2021-10-03,14:00,Aalborg,4–0,SønderjyskE,8085.0,Aalborg Portland Park,4,0,2021/22
regular season,11,Sun,2021-10-03,16:00,Midtjylland,4–0,AGF,10103.0,MCH Arena,4,0,2021/22
regular season,11,Sun,2021-10-03,18:00,Randers,1–1,Brøndby,5848.0,Cepheus Park Randers,1,1,2021/22
regular season,11,Sun,2021-10-03,20:00,FC Copenhagen,1–1,Viborg,15197.0,Parken,1,1,2021/22
regular season,12,Fri,2021-10-15,19:00,Viborg,1–1,Silkeborg,5286.0,Energi Viborg Arena,1,1,2021/22
regular season,12,Sun,2021-10-17,13:00,Nordsjælland,2–2,Midtjylland,2795.0,Right to Dream Park,2,2,2021/22
regular season,12,Sun,2021-10-17,14:00,Odense,1–2,Randers,8367.0,Nature Energy Park,1,2,2021/22
regular season,12,Sun,2021-10-17,16:00,Brøndby,3–2,Vejle BK,17594.0,Brøndby Stadion,3,2,2021/22
regular season,12,Sun,2021-10-17,18:00,SønderjyskE,1–1,FC Copenhagen,8257.0,Sydbank Park,1,1,2021/22
regular season,12,Mon,2021-10-18,19:00,AGF,1–0,Aalborg,19143.0,Ceres Park,1,0,2021/22
regular season,13,Fri,2021-10-22,19:00,Vejle BK,2–0,Nordsjælland,2612.0,Vejle Stadion,2,0,2021/22
regular season,13,Sun,2021-10-24,14:00,Silkeborg,1–1,Odense,3662.0,JYSK Park,1,1,2021/22
regular season,13,Sun,2021-10-24,14:00,Brøndby,2–1,FC Copenhagen,23754.0,Brøndby Stadion,2,1,2021/22
regular season,13,Sun,2021-10-24,16:00,Randers,1–0,AGF,7758.0,Cepheus Park Randers,1,0,2021/22
regular season,13,Sun,2021-10-24,18:00,Midtjylland,3–2,SønderjyskE,8582.0,MCH Arena,3,2,2021/22
regular season,13,Mon,2021-10-25,19:00,Aalborg,2–5,Viborg,7322.0,Aalborg Portland Park,2,5,2021/22
regular season,14,Sun,2021-10-31,14:00,Randers,1–3,Midtjylland,6182.0,Cepheus Park Randers,1,3,2021/22
regular season,14,Sun,2021-10-31,14:00,Nordsjælland,0–2,Aalborg,2511.0,Right to Dream Park,0,2,2021/22
regular season,14,Sun,2021-10-31,16:00,FC Copenhagen,3–0,Vejle BK,18941.0,Parken,3,0,2021/22
regular season,14,Sun,2021-10-31,18:00,Viborg,0–1,Brøndby,7724.0,Energi Viborg Arena,0,1,2021/22
regular season,14,Sun,2021-10-31,20:00,SønderjyskE,0–6,Silkeborg,3661.0,Sydbank Park,0,6,2021/22
regular season,14,Mon,2021-11-01,19:00,Odense,0–0,AGF,7789.0,Nature Energy Park,0,0,2021/22
regular season,15,Fri,2021-11-05,19:00,Viborg,2–2,Nordsjælland,3899.0,Energi Viborg Arena,2,2,2021/22
regular season,15,Sun,2021-11-07,14:00,Vejle BK,3–1,SønderjyskE,4529.0,Vejle Stadion,3,1,2021/22
regular season,15,Sun,2021-11-07,14:00,Aalborg,1–1,Randers,7266.0,Aalborg Portland Park,1,1,2021/22
regular season,15,Sun,2021-11-07,16:00,AGF,3–0,Midtjylland,11517.0,Ceres Park,3,0,2021/22
regular season,15,Sun,2021-11-07,18:00,Brøndby,2–1,Odense,16622.0,Brøndby Stadion,2,1,2021/22
regular season,15,Sun,2021-11-07,20:00,Silkeborg,0–0,FC Copenhagen,6001.0,JYSK Park,0,0,2021/22
regular season,16,Fri,2021-11-19,19:00,Odense,2–3,Viborg,5873.0,Nature Energy Park,2,3,2021/22
regular season,16,Sun,2021-11-21,14:00,Nordsjælland,1–1,Silkeborg,3110.0,Right to Dream Park,1,1,2021/22
regular season,16,Sun,2021-11-21,14:00,Randers,4–1,Vejle BK,4014.0,Cepheus Park Randers,4,1,2021/22
regular season,16,Sun,2021-11-21,16:00,FC Copenhagen,1–1,AGF,25814.0,Parken,1,1,2021/22
regular season,16,Sun,2021-11-21,18:00,Midtjylland,1–2,Brøndby,10748.0,MCH Arena,1,2,2021/22
regular season,16,Mon,2021-11-22,19:00,SønderjyskE,1–3,Aalborg,3873.0,Sydbank Park,1,3,2021/22
regular season,17,Fri,2021-11-26,19:00,AGF,1–1,Silkeborg,9083.0,Ceres Park,1,1,2021/22
regular season,17,Sun,2021-11-28,14:00,Odense,2–0,Nordsjælland,5258.0,Nature Energy Park,2,0,2021/22
regular season,17,Sun,2021-11-28,14:00,Viborg,1–1,SønderjyskE,4031.0,Energi Viborg Arena,1,1,2021/22
regular season,17,Sun,2021-11-28,16:00,Brøndby,1–0,Randers,15437.0,Brøndby Stadion,1,0,2021/22
regular season,17,Sun,2021-11-28,18:00,Aalborg,1–3,FC Copenhagen,10254.0,Aalborg Portland Park,1,3,2021/22
regular season,17,Mon,2021-11-29,19:00,Vejle BK,1–1,Midtjylland,4012.0,Vejle Stadion,1,1,2021/22
regular season,18,Fri,2022-02-18,19:00,SønderjyskE,2–3,AGF,2746.0,Sydbank Park,2,3,2021/22
regular season,18,Sun,2022-02-20,14:00,Midtjylland,0–2,Aalborg,9004.0,MCH Arena,0,2,2021/22
regular season,18,Sun,2022-02-20,14:00,Silkeborg,3–0,Vejle BK,6144.0,JYSK Park,3,0,2021/22
regular season,18,Sun,2022-02-20,16:00,Nordsjælland,0–2,Brøndby,8052.0,Right to Dream Park,0,2,2021/22
regular season,18,Sun,2022-02-20,18:00,FC Copenhagen,2–0,Odense,26255.0,Parken,2,0,2021/22
regular season,18,Mon,2022-02-21,19:00,Randers,0–1,Viborg,3673.0,Cepheus Park Randers,0,1,2021/22
regular season,19,Fri,2022-02-25,19:00,Vejle BK,3–2,AGF,7121.0,Vejle Stadion,3,2,2021/22
regular season,19,Sun,2022-02-27,14:00,Nordsjælland,0–0,Randers,2256.0,Right to Dream Park,0,0,2021/22
regular season,19,Sun,2022-02-27,14:00,Aalborg,1–4,Silkeborg,7142.0,Aalborg Portland Park,1,4,2021/22
regular season,19,Sun,2022-02-27,16:00,Viborg,0–2,FC Copenhagen,7025.0,Energi Viborg Arena,0,2,2021/22
regular season,19,Sun,2022-02-27,18:00,Odense,2–2,Midtjylland,8792.0,Nature Energy Park,2,2,2021/22
regular season,19,Mon,2022-02-28,19:00,Brøndby,1–0,SønderjyskE,16203.0,Brøndby Stadion,1,0,2021/22
regular season,20,Fri,2022-03-04,18:00,Midtjylland,3–1,Viborg,10262.0,MCH Arena,3,1,2021/22
regular season,20,Fri,2022-03-04,20:00,FC Copenhagen,3–0,Randers,24133.0,Parken,3,0,2021/22
regular season,20,Sun,2022-03-06,14:00,SønderjyskE,2–2,Odense,2673.0,Sydbank Park,2,2,2021/22
regular season,20,Sun,2022-03-06,16:00,Aalborg,0–0,Vejle BK,7340.0,Aalborg Portland Park,0,0,2021/22
regular season,20,Sun,2022-03-06,18:00,Silkeborg,0–1,Brøndby,8185.0,JYSK Park,0,1,2021/22
regular season,20,Mon,2022-03-07,19:00,AGF,2–3,Nordsjælland,10339.0,Ceres Park,2,3,2021/22
regular season,21,Fri,2022-03-11,19:00,Nordsjælland,1–1,SønderjyskE,2756.0,Right to Dream Park,1,1,2021/22
regular season,21,Sun,2022-03-13,14:00,Randers,2–1,Silkeborg,5108.0,Cepheus Park Randers,2,1,2021/22
regular season,21,Sun,2022-03-13,14:00,Viborg,2–0,Vejle BK,4227.0,Energi Viborg Arena,2,0,2021/22
regular season,21,Sun,2022-03-13,16:00,Brøndby,1–1,AGF,23128.0,Brøndby Stadion,1,1,2021/22
regular season,21,Sun,2022-03-13,18:00,Midtjylland,0–1,FC Copenhagen,11288.0,MCH Arena,0,1,2021/22
regular season,21,Mon,2022-03-14,19:00,Odense,2–3,Aalborg,6153.0,Nature Energy Park,2,3,2021/22
regular season,22,Sun,2022-03-20,14:30,SønderjyskE,1–1,Randers,2411.0,Sydbank Park,1,1,2021/22
regular season,22,Sun,2022-03-20,14:30,Vejle BK,2–0,Odense,4826.0,Vejle Stadion,2,0,2021/22
regular season,22,Sun,2022-03-20,14:30,Aalborg,3–0,Brøndby,11083.0,Aalborg Portland Park,3,0,2021/22
regular season,22,Sun,2022-03-20,14:30,AGF,1–1,Viborg,12487.0,Ceres Park,1,1,2021/22
regular season,22,Sun,2022-03-20,14:30,Silkeborg,0–1,Midtjylland,6621.0,JYSK Park,0,1,2021/22
regular season,22,Sun,2022-03-20,14:30,FC Copenhagen,1–0,Nordsjælland,27692.0,Parken,1,0,2021/22
relegation round,23,Fri,2022-04-01,19:00,Viborg,2–1,SønderjyskE,3093.0,Energi Viborg Arena,2,1,2021/22
relegation round,23,Sun,2022-04-03,14:00,Odense,2–1,Nordsjælland,4545.0,Nature Energy Park,2,1,2021/22
relegation round,23,Sun,2022-04-03,14:00,AGF,0–0,Vejle BK,12487.0,Ceres Park,0,0,2021/22
championship round,23,Sun,2022-04-03,16:00,Brøndby,0–1,Randers,16767.0,Brøndby Stadion,0,1,2021/22
championship round,23,Sun,2022-04-03,18:00,Aalborg,0–1,FC Copenhagen,10216.0,Aalborg Portland Park,0,1,2021/22
championship round,23,Mon,2022-04-04,19:00,Midtjylland,3–2,Silkeborg,6678.0,MCH Arena,3,2,2021/22
championship round,24,Fri,2022-04-08,18:30,Aalborg,3–0,Randers,6521.0,Aalborg Portland Park,3,0,2021/22
championship round,24,Sun,2022-04-10,16:00,Silkeborg,3–0,Brøndby,5158.0,JYSK Park,3,0,2021/22
relegation round,24,Sun,2022-04-10,14:00,Nordsjælland,2–2,AGF,2114.0,Right to Dream Park,2,2,2021/22
relegation round,24,Sun,2022-04-10,14:00,SønderjyskE,2–2,Odense,2462.0,Sydbank Park,2,2,2021/22
championship round,24,Sun,2022-04-10,18:00,FC Copenhagen,1–0,Midtjylland,28321.0,Parken,1,0,2021/22
relegation round,24,Mon,2022-04-11,19:00,Vejle BK,2–2,Viborg,4188.0,Vejle Stadion,2,2,2021/22
championship round,25,Wed,2022-04-13,18:30,Randers,1–3,Midtjylland,6334.0,Cepheus Park Randers,1,3,2021/22
relegation round,25,Thu,2022-04-14,14:00,AGF,0–2,Viborg,6783.0,Ceres Park,0,2,2021/22
relegation round,25,Thu,2022-04-14,14:00,Odense,2–1,Vejle BK,6195.0,Nature Energy Park,2,1,2021/22
championship round,25,Thu,2022-04-14,16:00,Silkeborg,3–1,FC Copenhagen,6151.0,JYSK Park,3,1,2021/22
championship round,25,Thu,2022-04-14,18:00,Brøndby,0–1,Aalborg,14192.0,Brøndby Stadion,0,1,2021/22
relegation round,25,Fri,2022-04-15,18:00,Nordsjælland,2–0,SønderjyskE,1702.0,Right to Dream Park,2,0,2021/22
relegation round,26,Sun,2022-04-17,18:00,Viborg,1–1,Odense,6857.0,Energi Viborg Arena,1,1,2021/22
relegation round,26,Mon,2022-04-18,14:00,SønderjyskE,2–1,AGF,2508.0,Sydbank Park,2,1,2021/22
relegation round,26,Mon,2022-04-18,14:00,Vejle BK,0–0,Nordsjælland,4223.0,Vejle Stadion,0,0,2021/22
championship round,26,Mon,2022-04-18,16:00,FC Copenhagen,2–0,Brøndby,33758.0,Parken,2,0,2021/22
championship round,26,Mon,2022-04-18,18:00,Midtjylland,2–0,Aalborg,8836.0,MCH Arena,2,0,2021/22
championship round,26,Tue,2022-04-19,19:00,Randers,1–2,Silkeborg,3626.0,Cepheus Park Randers,1,2,2021/22
relegation round,27,Fri,2022-04-22,19:00,SønderjyskE,0–1,Vejle BK,3874.0,Sydbank Park,0,1,2021/22
championship round,27,Sun,2022-04-24,14:00,Aalborg,1–2,Silkeborg,8756.0,Aalborg Portland Park,1,2,2021/22
relegation round,27,Sun,2022-04-24,14:00,Nordsjælland,2–0,Viborg,2193.0,Right to Dream Park,2,0,2021/22
championship round,27,Sun,2022-04-24,16:00,FC Copenhagen,0–1,Randers,21243.0,Parken,0,1,2021/22
relegation round,27,Sun,2022-04-24,18:00,AGF,1–2,Odense,6587.0,Ceres Park,1,2,2021/22
championship round,27,Mon,2022-04-25,19:00,Brøndby,1–3,Midtjylland,15575.0,Brøndby Stadion,1,3,2021/22
relegation round,28,Fri,2022-04-29,19:00,Viborg,1–1,Nordsjælland,4298.0,Energi Viborg Arena,1,1,2021/22
relegation round,28,Sun,2022-05-01,14:00,Odense,1–0,AGF,9566.0,Nature Energy Park,1,0,2021/22
relegation round,28,Sun,2022-05-01,14:00,Vejle BK,0–3,SønderjyskE,4158.0,Vejle Stadion,0,3,2021/22
championship round,28,Sun,2022-05-01,16:00,Randers,2–1,Brøndby,7356.0,Cepheus Park Randers,2,1,2021/22
championship round,28,Sun,2022-05-01,18:00,Midtjylland,0–0,FC Copenhagen,11289.0,MCH Arena,0,0,2021/22
championship round,28,Mon,2022-05-02,19:00,Silkeborg,4–2,Aalborg,6551.0,JYSK Park,4,2,2021/22
championship round,29,Fri,2022-05-06,19:00,Silkeborg,1–0,Randers,7739.0,JYSK Park,1,0,2021/22
relegation round,29,Sun,2022-05-08,14:00,Nordsjælland,1–1,Odense,3523.0,Right to Dream Park,1,1,2021/22
championship round,29,Sun,2022-05-08,16:00,Brøndby,1–1,FC Copenhagen,22405.0,Brøndby Stadion,1,1,2021/22
championship round,29,Sun,2022-05-08,18:00,Aalborg,1–2,Midtjylland,8478.0,Aalborg Portland Park,1,2,2021/22
relegation round,29,Sun,2022-05-08,20:00,AGF,1–1,SønderjyskE,5308.0,Ceres Park,1,1,2021/22
relegation round,29,Mon,2022-05-09,19:00,Viborg,2–2,Vejle BK,3649.0,Energi Viborg Arena,2,2,2021/22
championship round,30,Wed,2022-05-11,18:00,Randers,2–2,Aalborg,5352.0,Cepheus Park Randers,2,2,2021/22
relegation round,30,Wed,2022-05-11,18:00,SønderjyskE,1–1,Nordsjælland,1755.0,Sydbank Park,1,1,2021/22
championship round,30,Wed,2022-05-11,20:00,FC Copenhagen,2–1,Silkeborg,22876.0,Parken,2,1,2021/22
relegation round,30,Thu,2022-05-12,18:00,Vejle BK,1–0,AGF,4992.0,Vejle Stadion,1,0,2021/22
championship round,30,Thu,2022-05-12,20:00,Midtjylland,2–2,Brøndby,10201.0,MCH Arena,2,2,2021/22
relegation round,30,Thu,2022-05-12,18:00,Odense,1–1,Viborg,6786.0,Nature Energy Park,1,1,2021/22
relegation round,31,Sun,2022-05-15,14:00,Odense,1–1,SønderjyskE,6494.0,Nature Energy Park,1,1,2021/22
relegation round,31,Sun,2022-05-15,14:00,Nordsjælland,2–1,Vejle BK,3594.0,Right to Dream Park,2,1,2021/22
championship round,31,Sun,2022-05-15,16:00,Randers,0–2,FC Copenhagen,7865.0,Cepheus Park Randers,0,2,2021/22
championship round,31,Sun,2022-05-15,18:00,Aalborg,1–3,Brøndby,10278.0,Aalborg Portland Park,1,3,2021/22
relegation round,31,Sun,2022-05-15,20:00,Viborg,1–0,AGF,4691.0,Energi Viborg Arena,1,0,2021/22
championship round,31,Mon,2022-05-16,19:00,Silkeborg,1–4,Midtjylland,6621.0,JYSK Park,1,4,2021/22
relegation round,32,Sat,2022-05-21,17:00,AGF,2–2,Nordsjælland,,Ceres Park,2,2,2021/22
relegation round,32,Sat,2022-05-21,17:00,SønderjyskE,0–2,Viborg,,Sydbank Park,0,2,2021/22
relegation round,32,Sat,2022-05-21,17:00,Vejle BK,2–1,Odense,,Vejle Stadion,2,1,2021/22
championship round,32,Sun,2022-05-22,17:00,Brøndby,2–1,Silkeborg,,Brøndby Stadion,2,1,2021/22
championship round,32,Sun,2022-05-22,17:00,FC Copenhagen,3–0,Aalborg,,Parken,3,0,2021/22
championship round,32,Sun,2022-05-22,17:00,Midtjylland,3–2,Randers,,MCH Arena,3,2,2021/22
